,percent_hispanic,percent_non_hispanic_american_indianalaska_native,percent_non_hispanic_asian,percent_non_hispanic_black,percent_non_hispanic_native_hawaiianpacific_islander,percent_non_hispanic_white,social_vulnerability_index,cvac_level_of_concern_for_vaccination_rollout,actual_y,predict_y
2789,0.3768,0.0017,0.0029,0.0556,0.0,0.5553,0.89,0.96,0.18,0.19759095846318553
2970,0.0102,0.0023,0.0061,0.0309,0.0008,0.9394,0.59,0.52,0.19,0.20727572560323704
1064,0.0354,0.0009,0.0044,0.0033,0.0005,0.938,0.27,0.52,0.21,0.19918144596102658
2895,0.0294,0.0046,0.0013,0.0153,0.0,0.9322,0.11,0.18,0.16,0.18308534427200074
2989,0.3973,0.0,0.1109,0.1278,0.0,0.3309,0.53,0.28,0.15,0.11912586761793775
2400,0.0321,0.0081,0.0013,0.3825,0.0,0.5660000000000001,0.8,0.69,0.2,0.22798330719434057
1344,0.0136,0.0111,0.0097,0.0082,0.0004,0.9363,0.45,0.24,0.13,0.18886255593009613
2172,0.0779,0.003,0.0072,0.4969,0.0006,0.3961,0.98,0.77,0.19,0.22917084685421651
1334,0.0536,0.0034,0.04,0.0885,0.0037,0.7837,0.71,0.09,0.18,0.17193867367474297
1480,0.025,0.0153,0.0043,0.0018,0.0,0.9376,0.11,0.1,0.18,0.179380147884856
819,0.0664,0.0027,0.0,0.1889,0.0,0.7385,0.47,0.73,0.17,0.21776713616455928
1179,0.0771,0.0086,0.0006,0.044,0.0,0.8413,0.29,0.29,0.2,0.185532422533658
611,0.0578,0.0029,0.0072,0.2692,0.0,0.6471,0.85,0.95,0.26,0.23190592685830308
2856,0.1919,0.0074,0.0218,0.0996,0.0008,0.6527,0.82,0.83,0.2,0.20151224825830313
2149,0.0261,0.0011,0.0632,0.033,0.0001,0.8504,0.02,0.0,0.16,0.15117791184273355
2493,0.0564,0.001,0.0081,0.035,0.0,0.8808,0.34,0.13,0.17,0.17857832490920578
332,0.0233,0.0398,0.0028,0.3198,0.0015,0.6023,0.86,0.86,0.23,0.23849491538331932
2719,0.2484,0.0049,0.0052,0.0984,0.0001,0.633,0.94,0.97,0.2,0.21189204863941116
2560,0.026,0.0026,0.0039,0.0817,0.0,0.873,0.63,0.61,0.26,0.21218221272803925
1613,0.0452,0.003,0.0035,0.0035,0.0009,0.9321,0.14,0.31,0.12,0.18795957109101652
2527,0.0246,0.0024,0.0038,0.0524,0.0003,0.904,0.57,0.78,0.25,0.21902359090012793
1537,0.0514,0.0049,0.0609,0.0425,0.0,0.8115,0.11,0.33,0.1,0.16658432598658174
1543,0.0112,0.0086,0.0036,0.0041,0.0,0.9599,0.48,0.75,0.16,0.21691888822036257
1830,0.3117,0.0317,0.0011,0.0007,0.0,0.6408,0.83,0.84,0.21,0.19822134886366932
2292,0.0505,0.0164,0.0018,0.0093,0.0009,0.8801,0.16,0.37,0.22,0.18788411209635644
218,0.0115,0.0044,0.0051,0.0142,0.0006,0.9516,0.37,0.21,0.2,0.18911239735050134
291,0.1496,0.0074,0.0138,0.005,0.0092,0.7962,0.6,0.66,0.2,0.19790104266528383
2340,0.0352,0.101,0.0072,0.0356,0.0007,0.7098,0.81,0.94,0.23,0.22025927583430743
857,0.0131,0.001,0.0056,0.0083,0.0003,0.9614,0.08,0.45,0.18,0.19646511474072287
2202,0.0749,0.0012,0.002,0.0025,0.0,0.9066,0.03,0.06,0.31,0.1715589819714794
17,0.022,0.0038,0.0079,0.2801,0.0003,0.6729999999999999,0.74,0.88,0.25,0.231400568085762
170,0.3381,0.0017,0.0662,0.0786,0.0003,0.4896,0.38,0.69,0.15,0.1581994166976396
2478,0.0402,0.0015,0.0027,0.5328,0.0,0.4089,0.8,0.89,0.2,0.23941408803375927
2299,0.1057,0.0555,0.0002,0.0138,0.0,0.7775,0.87,0.91,0.22,0.22015841284555
1677,0.001,0.0,0.0,0.0068,0.0,0.9923,0.01,0.3,0.26,0.192943552841717
1068,0.1009,0.0002,0.0047,0.0057,0.0,0.8726,0.58,0.79,0.19,0.20957399952973058
178,0.0198,0.0017,0.0026,0.039,0.0,0.929,0.81,0.65,0.19,0.216918165390382
2776,0.0999,0.0012,0.0003,0.0995,0.0,0.7837,0.8,0.97,0.2,0.22546449696143475
1665,0.0379,0.2233,0.0037,0.0032,0.0,0.6918,0.7,0.32,0.27,0.21059593158149484
1317,0.0033,0.0008,0.0151,0.0049,0.0,0.9723,0.81,0.37,0.23,0.20044283525770248
1110,0.0511,0.0032,0.0,0.01,0.0,0.9298,0.07,0.33,0.19,0.18956847398850188
1146,0.0167,0.0011,0.0047,0.0152,0.0,0.9506,0.73,0.37,0.22,0.20071503838042384
2167,0.0159,0.0035,0.0048,0.0183,0.0002,0.9329,0.3,0.18,0.23,0.18453939509049821
927,0.0396,0.0018,0.0085,0.0961,0.0,0.8245,0.5,0.47,0.16,0.19859070685033214
596,0.0325,0.0,0.0042,0.2892,0.0,0.6603,0.77,0.86,0.25,0.23076301349439124
1103,0.0701,0.0057,0.0145,0.0819,0.001,0.789,0.24,0.4,0.21,0.18569227329582275
889,0.0244,0.001,0.0037,0.0063,0.0,0.953,0.11,0.23,0.17,0.18547209100073905
134,0.1224,0.0306,0.0,0.0,0.0,0.8469,0.76,0.83,0.18,0.21819759346255788
2838,0.3006,0.0019,0.0094,0.2475,0.0005,0.4287,0.83,0.9,0.17,0.20436366316587296
2998,0.0412,0.0059,0.0279,0.0224,0.0008,0.8865,0.16,0.04,0.17,0.1674743394945527
102,0.0071,0.0,0.0,0.0028,0.0,0.9571,0.6,0.97,0.25,0.22666026148758955
414,0.1095,0.016,0.0,0.0095,0.0008,0.8484,0.61,0.61,0.18,0.20374674012865718
568,0.0701,0.0024,0.0207,0.1767,0.0002,0.71,0.24,0.46,0.21,0.19149613171127064
2717,0.7928,0.0005,0.0081,0.0318,0.0,0.1627,0.99,0.99,0.17,0.15677101846335592
1778,0.0236,0.0021,0.0057,0.0076,0.0,0.9464,0.48,0.84,0.18,0.2185044591459495
1451,0.0361,0.0034,0.0098,0.4146,0.0002,0.5154,0.9,0.49,0.15,0.21522910127827763
1302,0.0,0.0022,0.0014,0.0067,0.0,0.9776,0.62,0.41,0.22,0.20383439032367182
2147,0.0516,0.0041,0.0028,0.0067,0.0002,0.9249,0.57,0.78,0.19,0.2159292115406381
727,0.0546,0.0034,0.0038,0.1064,0.0,0.8185,0.64,0.74,0.22,0.21642949620749818
654,0.2529,0.006,0.0082,0.0041,0.0025,0.7031,0.74,0.45,0.25,0.17879090993567034
309,0.1411,0.2576,0.0187,0.0112,0.0017,0.5405,0.71,0.81,0.2,0.224111561710603
2014,0.0748,0.0029,0.0056,0.0235,0.0005,0.8744,0.72,0.33,0.15,0.19203189566119194
879,0.0314,0.0018,0.0059,0.1007,0.0001,0.8485,0.46,0.51,0.18,0.20468789401807308
192,0.0705,0.0027,0.0645,0.1505,0.0,0.6772,0.38,0.34,0.13,0.16932498335189422
194,0.0808,0.0041,0.0108,0.1341,0.0033,0.7514,0.6,0.32,0.17,0.1920119393649016
1924,0.012,0.0078,0.0,0.0149,0.0,0.9653,0.01,0.15,0.17,0.185533109311465
2233,0.0086,0.0015,0.0008,0.056,0.0,0.9247,0.43,0.55,0.22,0.20943314636215635
1234,0.0145,0.0047,0.0114,0.0085,0.0014,0.9473,0.19,0.19,0.13,0.18352206328750253
2862,0.1606,0.0025,0.0166,0.1639,0.0011,0.6401,0.73,0.86,0.18,0.20987826144031554
44,0.0533,0.0027,0.0058,0.0167,0.0,0.9006,0.44,0.29,0.19,0.18790609707469755
1727,0.0128,0.0016,0.008,0.0,0.0,0.9776,0.08,0.2,0.26,0.18502709407993662
1553,0.006999999999999999,0.0024,0.0035,0.2042,0.0,0.782,0.6,0.92,0.27,0.23408360326820501
1094,0.0358,0.0035,0.0003,0.0046,0.0,0.9313,0.05,0.34,0.2,0.1881659308447256
2531,0.027000000000000003,0.0041,0.0067,0.2729,0.0,0.6802,0.26,0.6,0.25,0.21213865871509213
759,0.0231,0.0064,0.0045,0.2714,0.0076,0.6721,0.85,0.79,0.25,0.23090423961886503
2914,0.044,0.0008,0.0108,0.07400000000000001,0.0,0.8390000000000001,0.44,0.14,0.19,0.1797348215874953
2170,0.0399,0.0024,0.0061,0.4204,0.0,0.5206,0.75,0.73,0.17,0.22733923459001845
1730,0.0263,0.1827,0.0056,0.0024,0.0003,0.7692,0.48,0.54,0.27,0.21959671901530503
1517,0.0151,0.0,0.0015,0.1982,0.0,0.7756,0.71,0.93,0.28,0.23408746581621484
578,0.0641,0.0017,0.0349,0.3057,0.0002,0.5652,0.49,0.59,0.2,0.19894559915630664
485,0.1127,0.0187,0.0121,0.0145,0.003,0.7999,0.53,0.8,0.12,0.20460923377681287
1487,0.0152,0.008,0.0094,0.0166,0.0005,0.9209,0.31,0.16,0.19,0.18181906506535375
442,0.0869,0.0025,0.0473,0.0133,0.0007,0.8223,0.01,0.09,0.12,0.1543284866379106
1637,0.0035,0.0,0.0012,0.6129,0.0,0.377,0.84,0.98,0.29,0.2519198487372196
862,0.0358,0.0012,0.0338,0.0238,0.0002,0.89,0.14,0.38,0.17,0.18156907744518902
1662,0.0128,0.0094,0.0038,0.0073,0.0,0.9449,0.5,0.78,0.17,0.21709838748042168
2648,0.5222,0.0013,0.0196,0.0563,0.0,0.3965,0.72,0.96,0.17,0.17573777778245794
859,0.0145,0.004,0.0016,0.0076,0.0,0.9661,0.29,0.55,0.18,0.20597519214468876
1874,0.0551,0.0025,0.0,0.0008,0.0,0.9282,0.19,0.14,0.18,0.18005949677188818
240,0.026,0.0047,0.0018,0.0343,0.0,0.9185,0.67,0.88,0.23,0.22490474090862786
2347,0.1181,0.0475,0.0064,0.034,0.001,0.7422,0.65,0.9,0.2,0.21309405336337586
2925,0.0878,0.0003,0.0103,0.3308,0.0,0.5423,0.68,0.3,0.15,0.1940166217783463
2423,0.0305,0.0007,0.0206,0.0126,0.0,0.9142,0.12,0.01,0.11,0.16722703439379244
695,0.0861,0.0255,0.0175,0.0069,0.0016,0.8368,0.58,0.25,0.27,0.18179153297487366
139,0.5197,0.0017,0.0069,0.0247,0.0004,0.4357,0.67,0.95,0.17,0.17739527152255966
2988,0.0,0.0014,0.0,0.0,0.0,0.9932,0.06,0.33,0.17,0.19417873965145677
346,0.0169,0.0006,0.0038,0.1339,0.0009,0.8329,0.77,0.8,0.23,0.22583636818713473
1641,0.0494,0.014,0.0063,0.0007,0.0005,0.903,0.25,0.28,0.22,0.18505896675241096
314,0.0135,0.0056,0.0005,0.4322,0.0025,0.5313,0.88,0.77,0.21,0.23606953341151785
1738,0.0301,0.0336,0.0042,0.0031,0.0001,0.9011,0.35,0.49,0.24,0.20046344213522352
322,0.0773,0.0179,0.0185,0.0139,0.0002,0.8427,0.61,0.65,0.21,0.20051683926283648
2488,0.0149,0.0006,0.0032,0.2763,0.0,0.6885,0.86,0.81,0.19,0.23085939323537694
2058,0.0403,0.0021,0.0067,0.3271,0.001,0.6117,0.84,0.83,0.2,0.23049563545876167
2240,0.0466,0.0991,0.0043,0.002,0.0,0.6839,0.83,0.85,0.23,0.20632965260212127
256,0.0805,0.0727,0.0309,0.0428,0.0051,0.6993,0.34,0.54,0.21,0.18779237806774157
1309,0.0156,0.0039,0.0039,0.0074,0.0,0.9576,0.75,0.28,0.23,0.1970655889239769
2126,0.0555,0.0022,0.013,0.1345,0.0009,0.7711,0.38,0.42,0.17,0.19393477148004576
2593,0.0334,0.0031,0.0028,0.0045,0.0,0.9395,0.59,0.79,0.27,0.21718178113867462
203,0.0978,0.0224,0.0168,0.0035,0.004,0.8186,0.74,0.5,0.14,0.19331662387929568
2283,0.2382,0.0136,0.0004,0.0058,0.0,0.7216,0.46,0.75,0.22,0.19436449017716118
298,0.0366,0.3417,0.0023,0.0057,0.0023,0.5086,0.35,0.68,0.26,0.22507201971644228
51,0.02,0.0152,0.0049,0.0042,0.0005,0.9374,0.1,0.24,0.2,0.18616443878874356
214,0.02,0.0992,0.0048,0.0083,0.0,0.8457,0.1,0.1,0.17,0.18608929675486072
63,0.0797,0.0031,0.0031,0.0227,0.0002,0.8667,0.41,0.35,0.21,0.18838840793931733
840,0.0158,0.0004,0.005,0.0067,0.0,0.9653,0.21,0.4,0.18,0.19602812448579676
2793,0.0569,0.4706,0.005,0.0015,0.0028,0.4382,0.98,0.89,0.17,0.26357256965681874
1921,0.0224,0.0003,0.003,0.0016,0.0003,0.9634,0.07,0.16,0.18,0.1823283981646872
299,0.0033,0.0011,0.0043,0.4577,0.0,0.5272,0.85,0.82,0.23,0.238814124560816
432,0.1975,0.0707,0.0314,0.0327,0.0016,0.6193,0.97,0.78,0.15,0.19760345794930761
1187,0.2889,0.0031,0.0455,0.2171,0.0021,0.4088,0.92,0.75,0.22,0.18303284758045152
52,0.0169,0.004,0.0052,0.0028,0.0,0.9578,0.54,0.67,0.2,0.21217146649642674
1048,0.0203,0.0009,0.0095,0.0212,0.0,0.9387,0.19,0.03,0.2,0.17605802758952663
1289,0.0246,0.0083,0.0049,0.1638,0.0,0.7814,0.81,0.79,0.24,0.22508315415071947
1084,0.0526,0.0,0.0007,0.0201,0.0,0.9105,0.61,0.25,0.18,0.19057800063639954
1190,0.0766,0.002,0.0505,0.0458,0.0003,0.7992,0.06,0.13,0.15,0.15782311399256682
718,0.0167,0.0,0.0036,0.7313,0.0014,0.2431,0.8,0.9,0.26,0.2493806804061179
1157,0.2338,0.0,0.0062,0.008,0.0,0.7121,0.41,0.62,0.2,0.1817518361371477
3072,0.0148,0.0,0.0,0.0448,0.0,0.9188,0.83,0.47,0.21,0.2077834371481563
676,0.0439,0.0012,0.0136,0.1763,0.0003,0.7464,0.29,0.53,0.23,0.20070636410648707
1173,0.0278,0.0013,0.0012,0.008,0.0,0.9443,0.56,0.18,0.18,0.18844859805060085
965,0.179,0.002,0.0087,0.0247,0.0003,0.7673,0.39,0.03,0.2,0.1619381209859967
897,0.12,0.0014,0.0052,0.0154,0.001,0.8457,0.33,0.31,0.17,0.182618180355023
2684,0.0672,0.0012,0.0045,0.1653,0.0007,0.7452,0.82,0.92,0.21,0.22710423899811588
70,0.035,0.0051,0.0035,0.0208,0.0009,0.9175,0.61,0.7,0.22,0.21348423423932744
2008,0.0354,0.0715,0.0054,0.0562,0.0022,0.8162,0.71,0.36,0.17,0.2054407065913536
1080,0.0383,0.0031,0.0134,0.0059,0.0066,0.9286,0.15,0.08,0.19,0.1769510378255216
1670,0.0231,0.0071,0.0023,0.002,0.0009,0.948,0.35,0.53,0.15,0.2033589538504416
2290,0.0201,0.0019,0.0104,0.0135,0.0001,0.9367,0.48,0.39,0.23,0.19537608904822615
3034,0.0158,0.0042,0.0039,0.0072,0.0,0.954,0.1,0.07,0.17,0.17823467393161882
1614,0.0154,0.0013,0.0077,0.7234,0.0003,0.245,0.87,0.77,0.27,0.24189996276408202
1061,0.0278,0.006,0.0,0.0076,0.0,0.947,0.06,0.01,0.21,0.17567614002165982
605,0.1641,0.002,0.0205,0.0851,0.0003,0.7118,0.52,0.41,0.19,0.18127540646608883
1898,0.2382,0.0156,0.0066,0.0074,0.0,0.72,0.57,0.3,0.17,0.1735215245987383
478,0.4849,0.0021,0.1443,0.0784,0.0024,0.262,0.77,0.71,0.11,0.1230537812421581
949,0.2195,0.0011,0.0367,0.0119,0.0004,0.7090000000000001,0.69,0.14,0.21,0.15639457081175756
1399,0.0294,0.0025,0.0029,0.0068,0.0001,0.9411,0.13,0.26,0.19,0.18622901892669547
2351,0.0555,0.0015,0.0166,0.0257,0.0004,0.8829,0.17,0.08,0.2,0.17126866573095942
2034,0.0474,0.0024,0.0137,0.0215,0.0003,0.8984,0.23,0.1,0.13,0.17490129222324807
2274,0.0112,0.0026,0.0045,0.0313,0.0004,0.914,0.6,0.16,0.25,0.18646458597265467
289,0.0495,0.0056,0.0262,0.2405,0.0008,0.6468,0.31,0.29,0.19,0.18494318360333778
1090,0.0678,0.0032,0.0033,0.028,0.0,0.8865,0.89,0.49,0.18,0.20451111315132076
1748,0.0284,0.0035,0.0153,0.1166,0.0001,0.816,0.26,0.45,0.15,0.19560829741263297
450,0.1224,0.0141,0.0135,0.0175,0.0023,0.8019,0.47,0.56,0.12,0.19209551534202207
1770,0.0086,0.005,0.0008,0.0023,0.0,0.98,0.52,0.74,0.18,0.21926622298191586
1703,0.0159,0.002,0.0049,0.0141,0.0,0.9472,0.53,0.72,0.17,0.21439039807468876
463,0.0659,0.0135,0.0028,0.0047,0.0,0.8759999999999999,0.89,0.66,0.22,0.20918957201794758
3132,0.0273,0.0429,0.0,0.0058,0.0,0.9146,0.18,0.52,0.32,0.20522890537500205
1206,0.5505,0.0046,0.0137,0.0191,0.0004,0.3972,0.86,0.68,0.2,0.16094560208617625
2394,0.0601,0.0027,0.0187,0.1466,0.0007,0.7485,0.44,0.27,0.18,0.18542966465171187
1691,0.035,0.0093,0.0053,0.0011,0.0,0.9295,0.19,0.2,0.24,0.1827162498758249
76,0.0981,0.0023,0.0263,0.0143,0.0002,0.8385,0.22,0.19,0.18,0.16883814086047927
331,0.0368,0.0018,0.0411,0.2273,0.0,0.6744,0.66,0.58,0.2,0.20043868510302335
610,0.1811,0.001,0.04,0.1249,0.0001,0.6289,0.52,0.04,0.11,0.1548833516052577
2225,0.056,0.2118,0.0013,0.0569,0.0,0.6268,0.81,0.88,0.22,0.23732571185362492
144,0.4974,0.0116,0.0,0.0,0.0,0.491,0.76,0.83,0.18,0.1791398934484419
1786,0.0402,0.002,0.0334,0.4623,0.0005,0.4364,0.78,0.78,0.15,0.21969054862902146
45,0.0201,0.0056,0.0012,0.0062,0.0,0.9481,0.77,0.71,0.23,0.21743009858855938
2808,0.0468,0.0159,0.0032,0.0001,0.0011,0.9122,0.11,0.49,0.16,0.19583545588999324
343,0.1392,0.0024,0.0206,0.0156,0.0008,0.7918,0.88,0.84,0.22,0.20499048178032364
1124,0.476,0.0,0.0043,0.0004,0.0,0.5165,0.38,0.72,0.2,0.16827166661876528
3009,0.2133,0.0026,0.0162,0.017,0.0013,0.7167,0.68,0.47,0.13,0.17846177172438246
544,0.0515,0.0014,0.0017,0.103,0.0,0.8277,0.93,0.92,0.25,0.22928538341243807
2019,0.0491,0.0049,0.0367,0.1084,0.0002,0.7685,0.52,0.17,0.14,0.17403560532132684
152,0.5044,0.001,0.0029,0.0648,0.0,0.4164,0.94,0.99,0.18,0.1866913531786852
2708,0.5219,0.0042,0.0097,0.056,0.0013,0.3967,0.87,0.97,0.18,0.18113817478165622
2619,0.0299,0.0049,0.0035,0.0067,0.0,0.9443,0.54,0.48,0.25,0.20293161818796981
2576,0.0358,0.004,0.005,0.0417,0.0,0.8947,0.43,0.8,0.25,0.21545317089683158
3060,0.0574,0.0024,0.0136,0.0612,0.0,0.8321,0.23,0.08,0.19,0.17136894927943952
0,0.0053,0.0009,0.0003,0.6938,0.0,0.2684,0.93,0.94,0.23,0.24958686908540967
1461,0.0353,0.0034,0.0082,0.0769,0.0002,0.8464,0.55,0.32,0.22,0.1921722123911352
705,0.0566,0.0033,0.0174,0.3636,0.0007,0.5378,0.87,0.82,0.26,0.22467350360615446
408,0.0944,0.0042,0.0105,0.0048,0.0012,0.8516,0.2,0.47,0.11,0.18591665339501423
2337,0.0537,0.1248,0.0078,0.0242,0.0009,0.654,0.65,0.5,0.23,0.19304151640569597
2247,0.1826,0.0338,0.0113,0.0309,0.0003,0.6823,0.75,0.55,0.2,0.18673044494508054
2402,0.0684,0.0014,0.0235,0.2024,0.0002,0.6834,0.76,0.45,0.19,0.19732701015781542
1338,0.0129,0.0034,0.0024,0.0088,0.0,0.9599,0.84,0.23,0.23,0.19642791867632975
2555,0.0222,0.0016,0.0022,0.0,0.0,0.968,0.02,0.03,0.2,0.1762152311427466
1459,0.0349,0.0584,0.005,0.0652,0.0013,0.7767,0.53,0.51,0.21,0.2023260621311537
1839,0.0156,0.0032,0.008,0.0065,0.0,0.9501,0.15,0.15,0.15,0.1809461505932518
32,0.0731,0.0016,0.0069,0.1354,0.0,0.7555,0.55,0.22,0.13,0.18584474179456034
211,0.0429,0.0054,0.0241,0.0084,0.0,0.9091,0.02,0.06,0.16,0.16798590335787433
2543,0.0272,0.0054,0.0037,0.02,0.0,0.926,0.26,0.82,0.27,0.21524083936126032
14,0.095,0.0017,0.1291,0.0332,0.0002,0.7170000000000001,0.04,0.44,0.16,0.1434740924519654
93,0.1091,0.001,0.0118,0.0538,0.0004,0.8042,0.13,0.15,0.16,0.17082368102105588
2746,0.2634,0.0018,0.0158,0.1426,0.0002,0.5593,0.84,0.88,0.18,0.20109720687010546
2498,0.0385,0.0382,0.0034,0.0025,0.0,0.8983,0.23,0.24,0.21,0.18810047096953814
831,0.0295,0.0004,0.002,0.0584,0.0,0.8824,0.75,0.62,0.18,0.2113476234413434
354,0.1397,0.0036,0.006,0.0267,0.0005,0.8075,0.73,0.64,0.21,0.20094574958270797
149,0.2099,0.0018,0.0022,0.0039,0.0,0.7822,0.77,0.95,0.19,0.21223100003638753
254,0.1539,0.0,0.0006,0.28800000000000003,0.0,0.555,0.98,0.73,0.23,0.21804095669437726
1423,0.0507,0.0012,0.0182,0.1038,0.0008,0.7893,0.61,0.28,0.15,0.18574903993276737
2575,0.014,0.0024,0.0043,0.0032,0.0,0.9631,0.73,0.81,0.27,0.22181885519179834
184,0.011,0.0,0.0126,0.5668,0.0,0.3686,0.72,0.36,0.17,0.20903908163313728
1760,0.0162,0.0029,0.0054,0.0059,0.0006,0.9595,0.44,0.65,0.16,0.21067824490940715
1091,0.0269,0.0023,0.001,0.008,0.0,0.9329,0.2,0.33,0.19,0.18953311402348746
789,0.218,0.003,0.0118,0.0209,0.0,0.73,0.47,0.35,0.16,0.17353595360391158
1159,0.0198,0.0,0.0175,0.0417,0.0,0.8853,0.13,0.39,0.19,0.18626064693926084
471,0.5332,0.0036,0.0699,0.0788,0.0029,0.2853,0.9,0.69,0.13,0.1446907670379607
2889,0.077,0.0011,0.0033,0.1064,0.0,0.7902,0.88,0.98,0.21,0.2273623279732641
1957,0.0209,0.101,0.0,0.002,0.0001,0.8659,0.63,0.79,0.18,0.22936675114142677
930,0.041,0.0017,0.0145,0.2984,0.0001,0.6164,0.52,0.41,0.18,0.19981389403250688
2223,0.0315,0.0178,0.0038,0.0069,0.0,0.9127,0.12,0.18,0.29,0.18145736779263805
257,0.014,0.0006,0.0035,0.4503,0.0,0.516,0.87,0.88,0.23,0.23945412338358799
1797,0.0251,0.0356,0.0048,0.0002,0.0012,0.879,0.23,0.21,0.17,0.1820021870727131
2900,0.0305,0.0035,0.0091,0.2219,0.0007,0.7067,0.34,0.14,0.17,0.1856280690101574
2883,0.1,0.0073,0.0064,0.0492,0.0008,0.8246,0.63,0.87,0.18,0.21626204655116713
2590,0.0441,0.0024,0.0038,0.1024,0.0002,0.8289,0.77,0.77,0.26,0.21963889893397978
2974,0.0124,0.0011,0.0041,0.0529,0.0005,0.9146,0.86,0.54,0.19,0.21193171545423586
1940,0.021,0.0311,0.0079,0.0141,0.0,0.9058,0.73,0.43,0.16,0.20331307884436084
1299,0.0082,0.0027,0.004,0.0155,0.0,0.9492,0.68,0.24,0.22,0.19370665285106448
1960,0.0333,0.0039,0.002,0.0208,0.0016,0.934,0.22,0.7,0.18,0.21130699039157122
2376,0.031,0.0009,0.0059,0.4723,0.0,0.4772,0.98,0.81,0.21,0.23607404615220548
2196,0.015,0.001,0.0046,0.0087,0.0002,0.9537,0.29,0.3,0.24,0.19103872943252292
1880,0.0705,0.0049,0.0419,0.0381,0.0007,0.8122,0.3,0.12,0.17,0.16311107644353065
776,0.0365,0.0002,0.0093,0.1924,0.0,0.7481,0.72,0.77,0.24,0.22095036075048294
594,0.0992,0.0051,0.004,0.1928,0.0,0.6912,0.97,0.92,0.27,0.228230514713453
174,0.0062,0.0,0.0084,0.3082,0.0,0.6748,0.16,0.11,0.15,0.19053976001411252
2588,0.124,0.0022,0.002,0.0791,0.0004,0.768,0.78,0.79,0.25,0.21177387093192018
2241,0.0139,0.0028,0.0064,0.0331,0.0,0.9263,0.28,0.12,0.24,0.18245518578339032
120,0.1527,0.0033,0.1509,0.0963,0.0006,0.5696,0.15,0.49,0.13,0.13561169346016191
2829,0.0231,0.0031,0.0175,0.0121,0.0004,0.9255,0.1,0.1,0.07,0.17387559334917985
528,0.0826,0.0,0.0017,0.1519,0.0023,0.7351,0.94,0.88,0.28,0.22436435156352322
1444,0.0164,0.0003,0.005,0.0051,0.0,0.9628,0.22,0.49,0.12,0.1997966690909506
1321,0.0151,0.0049,0.0051,0.0047,0.0001,0.9516,0.15,0.18,0.13,0.18325422973362004
1089,0.0256,0.0175,0.0045,0.0059,0.0037,0.8801,0.38,0.56,0.22,0.19859312366353654
1018,0.0341,0.0018,0.0667,0.0303,0.0002,0.8351,0.45,0.63,0.17,0.1839859943771207
439,0.1009,0.0,0.0221,0.0092,0.0,0.8533,0.07,0.27,0.14,0.17246639950422013
1377,0.0222,0.0001,0.0038,0.3579,0.0,0.6057,0.86,0.85,0.26,0.23511187691948113
2765,0.2982,0.0,0.005,0.0268,0.0,0.67,0.88,0.93,0.17,0.2033862896706765
602,0.0689,0.0043,0.0077,0.1903,0.0009,0.7025,0.78,0.68,0.26,0.21333832278898593
188,0.028,0.0008,0.0247,0.0112,0.0,0.9144,0.01,0.07,0.13,0.16760375458988333
945,0.0088,0.0028,0.0023,0.0115,0.0004,0.9643,0.45,0.55,0.2,0.2078480848442394
1251,0.0469,0.0028,0.0015,0.2475,0.0003,0.6892,0.81,0.85,0.26,0.22971437435284073
2050,0.3891,0.1207,0.0118,0.0207,0.0013,0.4349,0.48,0.36,0.14,0.1667407010767881
1113,0.0011,0.0015,0.0001,0.0011,0.0002,0.9902,0.8,0.35,0.19,0.20438485373618206
270,0.1254,0.0023,0.0027,0.2088,0.0009,0.6414,0.9,0.86,0.22,0.22102290873329866
2967,0.0367,0.0191,0.0165,0.0057,0.0005,0.8838,0.24,0.22,0.12,0.17857225500772636
251,0.0524,0.1389,0.0407,0.0038,0.0063,0.6931,0.27,0.65,0.21,0.1971374544975291
368,0.2497,0.0139,0.0151,0.0074,0.0002,0.6834,0.96,0.83,0.14,0.19689519954734488
387,0.0942,0.0091,0.0034,0.004,0.0021,0.8694,0.14,0.18,0.16,0.17674044890481297
3027,0.1822,0.0159,0.0092,0.0107,0.0005,0.7722,0.5,0.61,0.32,0.19291324891796438
869,0.0698,0.0007,0.0035,0.0082,0.0,0.8983,0.34,0.38,0.19,0.1899105742249757
1690,0.0487,0.0019,0.0006,0.0273,0.0,0.9162,0.51,0.83,0.15,0.2196608070584989
2482,0.0081,0.0014,0.005,0.0086,0.0,0.9735,0.12,0.07,0.18,0.18048425400205947
2175,0.071,0.0016,0.0167,0.1879,0.0003,0.6863,0.69,0.21,0.22,0.18418109532632537
246,0.0206,0.003,0.0003,0.0067,0.0,0.9534,0.65,0.65,0.22,0.21351868845538147
1236,0.0255,0.002,0.0042,0.0729,0.0003,0.8657,0.71,0.16,0.2,0.18868530871322367
2981,0.0587,0.0029,0.0415,0.1464,0.0,0.7232,0.57,0.25,0.18,0.17753990381770218
2740,0.1129,0.0067,0.0064,0.0563,0.0004,0.7879,0.58,0.86,0.19,0.21113516563842402
2458,0.002,0.0108,0.0007,0.0,0.0,0.9811,0.01,0.21,0.21,0.1881564885945813
2899,0.0305,0.0006,0.0041,0.0592,0.0,0.8971,0.64,0.36,0.17,0.19964338310498744
2370,0.028,0.1598,0.0011,0.0268,0.0,0.6788,0.78,0.78,0.23,0.22047357208300952
2760,0.3063,0.0036,0.066,0.1365,0.0001,0.4721,0.51,0.69,0.16,0.16644982676624587
801,0.0328,0.004,0.0107,0.0509,0.0,0.8782,0.17,0.34,0.18,0.18794970079478338
443,0.1003,0.0218,0.0321,0.0113,0.0014,0.7979999999999999,0.7,0.57,0.13,0.19050705137202983
1764,0.0532,0.0233,0.0143,0.0087,0.0099,0.8611,0.43,0.67,0.17,0.205643775493562
564,0.033,0.001,0.0015,0.2197,0.0,0.7327,0.68,0.75,0.23,0.22358486143712672
1964,0.0877,0.0018,0.0359,0.1448,0.0002,0.7057,0.52,0.2,0.14,0.1739770600157723
1909,0.0829,0.0,0.0,0.0,0.0,0.9171,0.04,0.36,0.18,0.18782034458698227
2510,0.0377,0.0083,0.0003,0.4084,0.0037,0.5398,0.56,0.8,0.19,0.23292984849487647
2722,0.5472,0.0012,0.0104,0.0641,0.0,0.3584,0.84,0.97,0.17,0.17632280361873945
2704,0.9218,0.0006,0.0094,0.0042,0.0001,0.0614,0.98,0.99,0.17,0.1428164693703244
864,0.0096,0.0013,0.0,0.0879,0.0,0.8868,0.57,0.43,0.17,0.2055686907765245
175,0.0496,0.0,0.0277,0.311,0.0,0.594,0.86,0.5,0.18,0.20483709201536252
555,0.109,0.0015,0.0366,0.117,0.0001,0.7134,0.42,0.68,0.23,0.1927890795110306
2689,0.3101,0.0,0.0054,0.0804,0.0,0.5846,0.75,0.92,0.19,0.19840230467589637
1554,0.0309,0.0006,0.0025,0.1276,0.0,0.8181,0.71,0.78,0.27,0.2213120532191156
1600,0.0247,0.0479,0.0052,0.0046,0.0003,0.8883,0.59,0.63,0.13,0.21155951317547111
1602,0.0653,0.0038,0.0109,0.0511,0.0029,0.8327,0.72,0.7,0.17,0.20799995441403607
940,0.0642,0.0014,0.0,0.0024,0.0,0.9295,0.34,0.64,0.19,0.20672798699484682
1627,0.016,0.0036,0.0003,0.0715,0.0003,0.9002,0.55,0.62,0.27,0.2144900063930768
1937,0.0,0.0093,0.0,0.0,0.0,0.9504,0.0,0.16,0.18,0.18045040645849172
449,0.4189,0.0038,0.0087,0.0062,0.0007,0.5312,0.96,0.71,0.18,0.1756214753201243
1133,0.0317,0.0021,0.0009,0.0188,0.0,0.9302,0.27,0.52,0.19,0.2013727112721154
1518,0.0317,0.0018,0.0003,0.0262,0.0,0.9319,0.67,0.83,0.29,0.22300519278025582
3091,0.0108,0.0017,0.0077,0.0023,0.0011,0.9637,0.35,0.51,0.32,0.2019708167913026
2355,0.0191,0.001,0.0079,0.08800000000000001,0.0002,0.8548,0.62,0.3,0.23,0.19402168973594322
874,0.0153,0.0027,0.0035,0.0044,0.0,0.9559,0.05,0.24,0.18,0.18522492882272898
1135,0.0669,0.0014,0.0045,0.0408,0.003,0.8653,0.78,0.44,0.19,0.2002240819872323
1933,0.1158,0.0131,0.0239,0.3597,0.0026,0.4346,0.86,0.72,0.22,0.2081133334902784
2293,0.009000000000000001,0.0015,0.0044,0.0049,0.0001,0.9637,0.17,0.18,0.22,0.18439834439360486
817,0.1703,0.0099,0.0037,0.0019,0.0,0.7893,0.85,0.67,0.22,0.1999609960442167
1017,0.0201,0.0028,0.0089,0.0045,0.0,0.957,0.09,0.0,0.18,0.17368920686863804
507,0.3205,0.0041,0.0021,0.0365,0.0,0.6337,0.9,0.82,0.19,0.197272734724267
2022,0.0797,0.0041,0.0493,0.3353,0.0005,0.5035,0.64,0.59,0.18,0.19555605804675746
266,0.0262,0.0018,0.004,0.2655,0.001,0.6917,0.55,0.65,0.23,0.21893205448553518
196,0.0691,0.0012,0.0209,0.4658,0.0001,0.408,0.77,0.4,0.17,0.20113793972846258
1213,0.0567,0.0013,0.0212,0.1123,0.0031,0.7602,0.57,0.08,0.21,0.17335192609581432
88,0.057,0.0021,0.0015,0.0036,0.0,0.9219,0.12,0.08,0.18,0.17555345743155426
969,0.0249,0.0001,0.002,0.0009,0.0,0.9694,0.05,0.0,0.19,0.1753681850630943
1316,0.0061,0.0004,0.0004,0.4319,0.0,0.5431,0.94,0.94,0.25,0.24413899497677385
1650,0.0248,0.0032,0.0028,0.0191,0.0002,0.9303,0.29,0.64,0.17,0.20705641240853803
1295,0.0228,0.0023,0.001,0.3012,0.0,0.6554,1.0,0.83,0.25,0.23429342714841847
979,0.044,0.0029,0.0031,0.004,0.0,0.9343,0.14,0.09,0.2,0.17746101720763874
1006,0.0195,0.0031,0.0036,0.0154,0.0,0.9424,0.16,0.0,0.19,0.175332322444822
410,0.0064,0.003,0.0043,0.4298,0.0,0.5416,0.85,0.76,0.24,0.23365269051687174
1798,0.1181,0.0,0.0,0.0021,0.0,0.8761,0.3,0.26,0.18,0.18227319489441288
581,0.3164,0.0012,0.0507,0.1979,0.0006,0.4002,0.67,0.72,0.2,0.17306564977168107
1128,0.0196,0.0069,0.0015,0.2401,0.0,0.7082,0.87,0.49,0.19,0.21411021489144635
25,0.0014,0.0,0.0,0.4339,0.0,0.5618,0.81,0.98,0.27,0.2474343778809778
2083,0.0558,0.0014,0.0018,0.0034,0.0,0.92,0.42,0.59,0.19,0.20321262636286438
1011,0.0264,0.0005,0.0031,0.0064,0.0042,0.9434,0.12,0.0,0.19,0.17481227497618843
1941,0.7774,0.0103,0.0097,0.0093,0.0,0.1783,0.99,0.64,0.12,0.1394393169972405
903,0.0054,0.0002,0.0028,0.0084,0.0004,0.9614,0.33,0.51,0.2,0.20245331198409558
2779,0.1236,0.0057,0.0077,0.0042,0.0062,0.8313,0.31,0.51,0.16,0.1904514099299646
1953,0.0398,0.0033,0.0042,0.0553,0.0002,0.8721,0.12,0.41,0.18,0.19205955287502574
321,0.0284,0.0058,0.0047,0.1608,0.0009,0.782,0.43,0.53,0.22,0.207322166610847
1073,0.0345,0.0021,0.0801,0.0222,0.0,0.8384,0.21,0.05,0.19,0.14962455194518917
680,0.1148,0.0022,0.0019,0.2917,0.0002,0.5766,0.91,0.95,0.27,0.2299315487705889
1739,0.0128,0.0102,0.0103,0.003,0.0,0.9546,0.51,0.93,0.15,0.2241379896859483
423,0.3236,0.0129,0.0084,0.0012,0.0004,0.6384,0.45,0.31,0.16,0.16256725971599428
1411,0.0226,0.0093,0.0075,0.0073,0.0001,0.938,0.45,0.41,0.2,0.19749814366865204
67,0.0164,0.0059,0.0015,0.005,0.0005,0.9551,0.67,0.69,0.19,0.21608232362298416
1729,0.0255,0.0069,0.0361,0.0222,0.0,0.8873,0.66,0.69,0.15,0.2026076154473254
1510,0.0211,0.0011,0.0071,0.4938,0.0002,0.4707,0.86,0.92,0.26,0.2421468908364621
1606,0.0204,0.0019,0.0001,0.4835,0.0006,0.4692,0.89,0.9,0.29,0.2410328987124967
31,0.0172,0.0044,0.0125,0.0079,0.0003,0.9424,0.09,0.13,0.11,0.17793836198679705
2671,0.2556,0.0,0.0,0.0407,0.0,0.6988,0.2,0.88,0.18,0.19797650748790574
527,0.0943,0.006,0.0014,0.3365,0.0,0.5471,0.99,0.99,0.26,0.23631669316775475
2360,0.0619,0.0348,0.0033,0.0816,0.0003,0.7765,0.3,0.49,0.21,0.19719260092418725
457,0.0046,0.0,0.009000000000000001,0.2815,0.0,0.6939,0.85,0.74,0.23,0.22736678252352857
1803,0.0216,0.0025,0.0209,0.0136,0.0001,0.9242,0.15,0.03,0.14,0.17023662209205
1532,0.0855,0.0142,0.0068,0.0035,0.0,0.8787,0.2,0.56,0.12,0.1964064330036721
1993,0.0163,0.0023,0.0117,0.0142,0.0003,0.944,0.58,0.44,0.16,0.20003634086380237
2911,0.036000000000000004,0.0,0.0062,0.3927,0.0,0.5485,0.56,0.23,0.15,0.19933188882028083
2284,0.0887,0.0089,0.0266,0.0101,0.0024,0.8182,0.65,0.55,0.16,0.18947275042260325
2667,0.3985,0.0,0.0,0.0103,0.0,0.5837,0.36,0.89,0.18,0.1849406233658033
166,0.5207,0.0,0.0,0.0,0.0,0.4695,0.41,0.8,0.18,0.16839808250623853
124,0.0628,0.0097,0.0112,0.0045,0.0,0.8977,0.32,0.68,0.19,0.20364000161997284
2587,0.0302,0.0198,0.0,0.0,0.0,0.945,0.05,0.12,0.2,0.182608701286033
3043,0.0401,0.0047,0.0273,0.0097,0.0,0.9053,0.16,0.12,0.17,0.17135500272079995
1286,0.0315,0.0072,0.0129,0.3142,0.0001,0.6122,0.91,0.62,0.25,0.21820568999215909
729,0.0047,0.0,0.006,0.6111,0.0,0.3749,0.89,0.91,0.26,0.2476995985768348
2636,0.0038,0.0073,0.0017,0.054000000000000006,0.002,0.92,0.56,0.88,0.26,0.22757122733909327
1593,0.0493,0.0024,0.0579,0.0599,0.0008,0.8007,0.26,0.13,0.09,0.1605558138644194
2398,0.0127,0.0006,0.0053,0.0069,0.0003,0.9608,0.32,0.16,0.17,0.18515553765347117
1100,0.0332,0.003,0.0084,0.0792,0.0,0.8540000000000001,0.43,0.1,0.19,0.18137629176621492
2727,0.124,0.0089,0.006999999999999999,0.0076,0.0006,0.8422,0.26,0.66,0.17,0.19810789200476006
1106,0.0341,0.0089,0.0,0.023,0.0033,0.9231,0.24,0.53,0.19,0.2043948652382944
1847,0.0179,0.0036,0.0046,0.0003,0.0,0.9556,0.13,0.17,0.17,0.18222995739516604
1376,0.0037,0.0006,0.0,0.3385,0.0004,0.6513,0.95,0.91,0.26,0.2426223917532529
937,0.0381,0.0051,0.0017,0.0011,0.0,0.9373,0.53,0.03,0.21,0.1799066944938746
2195,0.0167,0.0008,0.0053,0.0099,0.0004,0.9526,0.32,0.24,0.23,0.1885835662441873
1902,0.0254,0.0,0.0022,0.0016,0.0003,0.955,0.08,0.26,0.18,0.18618508841233647
700,0.022,0.0009,0.0025,0.3974,0.0,0.5635,0.87,0.84,0.26,0.23588969733809922
176,0.0294,0.0025,0.0058,0.1472,0.0,0.7804,0.33,0.21,0.15,0.1866031021526683
1340,0.093,0.012,0.0187,0.1435,0.0041,0.7006,0.74,0.9,0.25,0.21686542987352453
929,0.0783,0.0,0.0071,0.0065,0.0,0.9021,0.21,0.34,0.19,0.18627201264624307
2771,0.1858,0.0,0.0027,0.0119,0.0077,0.7912,0.56,0.71,0.17,0.20205005014220281
1422,0.0241,0.0021,0.0063,0.0048,0.0,0.9519,0.27,0.37,0.21,0.19353517579152085
1709,0.0143,0.0048,0.0034,0.0041,0.0,0.9591,0.09,0.49,0.15,0.1986587934160589
2460,0.0709,0.0007,0.006999999999999999,0.0129,0.0,0.8901,0.21,0.14,0.17,0.17573316819203288
2867,0.9389,0.0,0.0002,0.0033,0.0,0.0508,1.0,1.0,0.17,0.14422850511397173
433,0.2511,0.0337,0.0203,0.0072,0.0019,0.6519,0.88,0.69,0.14,0.188773370424735
80,0.0263,0.0009,0.0049,0.0055,0.0,0.9468,0.05,0.17,0.18,0.1805683113740064
881,0.1536,0.0036,0.0128,0.0113,0.0002,0.7971,0.72,0.78,0.2,0.2024577654319948
1195,0.0075,0.004,0.0008,0.0149,0.0,0.9509,0.64,0.14,0.22,0.1894271636822262
3024,0.0213,0.0008,0.0345,0.0358,0.0,0.8793,0.41,0.17,0.18,0.17430866834947853
416,0.244,0.0015,0.2831,0.0218,0.0132,0.3924,0.26,0.4,0.08,0.07605462796428253
764,0.0306,0.0,0.0044,0.399,0.0123,0.5352,0.94,0.83,0.26,0.23688331726614298
495,0.1557,0.0054,0.0014,0.0099,0.0,0.8032,0.55,0.55,0.17,0.1925665393897704
2958,0.6358,0.0037,0.006999999999999999,0.0042,0.0021,0.3382,0.96,0.86,0.13,0.16540551797290062
1825,0.0475,0.0065,0.0,0.0,0.0,0.9439,0.11,0.36,0.18,0.19247215371575607
1457,0.0419,0.0021,0.0276,0.0175,0.0001,0.8883,0.01,0.28,0.09,0.17536986204939395
370,0.0572,0.0102,0.012,0.001,0.0059,0.8933,0.65,0.74,0.2,0.21131907741130881
1151,0.0671,0.0077,0.0121,0.0,0.0026,0.9105,0.03,0.27,0.19,0.18206558693290156
2685,0.1834,0.0036,0.0055,0.0161,0.0,0.7783,0.62,0.89,0.19,0.2074061398505928
2023,0.3836,0.3903,0.0015,0.0088,0.0003,0.1931,1.0,0.71,0.26,0.21685344274836543
2656,0.2108,0.0007,0.0088,0.0185,0.002,0.7456,0.63,0.87,0.17,0.20291118057546084
1511,0.0379,0.0164,0.0116,0.0101,0.0,0.9066,0.3,0.27,0.12,0.1862649025840617
2795,0.1153,0.003,0.0024,0.0021,0.0,0.8544,0.69,0.72,0.18,0.20601211115677862
2189,0.0312,0.0019,0.0082,0.1184,0.0,0.8071,0.58,0.16,0.24,0.18572104415964044
2949,0.0942,0.0262,0.041,0.0093,0.0027,0.7892,0.45,0.46,0.12,0.17987641916184213
1241,0.0121,0.0072,0.0038,0.0081,0.0015,0.9577,0.83,0.38,0.23,0.20423688122989045
1078,0.0488,0.0018,0.0259,0.0223,0.0005,0.8804,0.31,0.04,0.21,0.16808712039105275
141,0.4167,0.0014,0.0,0.0,0.0,0.5484,0.59,0.97,0.18,0.185614933023296
2110,0.0314,0.019,0.0,0.0,0.0,0.9019,0.09,0.15,0.31,0.1776515436662387
1723,0.0295,0.003,0.0057,0.0069,0.0,0.9334,0.15,0.45,0.15,0.19398122028458187
1456,0.0275,0.0039,0.023,0.0133,0.0005,0.9148,0.16,0.16,0.19,0.17551818689906667
1725,0.0153,0.0005,0.0015,0.0054,0.0,0.964,0.22,0.48,0.16,0.2001992502321554
1047,0.03,0.0015,0.0111,0.0477,0.0,0.8813,0.71,0.71,0.2,0.21160169147010893
532,0.0399,0.0033,0.0127,0.2776,0.0026,0.6348,0.81,0.76,0.25,0.22096378612149864
621,0.0412,0.005,0.0028,0.3435,0.0,0.5961,0.57,0.8,0.25,0.22732705280538582
962,0.0978,0.0723,0.0046,0.0092,0.0,0.8075,0.33,0.1,0.21,0.18110732999125478
944,0.0165,0.0,0.0011,0.0163,0.0,0.9569,0.26,0.67,0.2,0.2107617399174092
3081,0.0303,0.0026,0.003,0.0073,0.0,0.9445,0.06,0.14,0.17,0.18022570120805848
411,0.206,0.03,0.0107,0.0207,0.0007,0.705,0.92,0.82,0.14,0.204209793752694
1360,0.0275,0.0033,0.0008,0.0276,0.0013,0.9278,0.8,0.09,0.22,0.18926652083031031
177,0.1362,0.0022,0.1846,0.0726,0.0008,0.5611,0.09,0.05,0.1,0.1005549367096183
926,0.0203,0.0021,0.0064,0.0362,0.0,0.9117,0.74,0.43,0.18,0.20164264373212387
3020,0.0515,0.0046,0.0124,0.014,0.0003,0.8961,0.2,0.07,0.16,0.17233958444079325
1572,0.0011,0.0011,0.0,0.7457,0.0,0.2507,0.97,0.96,0.3,0.257780326030861
1813,0.2444,0.0136,0.0522,0.0215,0.006,0.6308,0.53,0.69,0.17,0.17405382346512124
2912,0.0296,0.0057,0.0009,0.3537,0.0001,0.6001,0.78,0.44,0.18,0.21511779226585317
637,0.0694,0.0004,0.0001,0.4908,0.0,0.4259,0.95,0.96,0.24,0.24143563373469876
479,0.2959,0.002,0.0065,0.0112,0.0006,0.672,0.14,0.19,0.14,0.15620643101109746
183,0.1718,0.0,0.1717,0.0492,0.0,0.5622,0.24,0.02,0.1,0.1004375197184988
1359,0.0188,0.001,0.0016,0.3158,0.0,0.6612,0.78,0.84,0.27,0.2349564566763074
2841,0.0369,0.0014,0.0035,0.0302,0.0,0.8918,0.25,0.54,0.17,0.19780327794133767
2057,0.0274,0.0031,0.006,0.0279,0.0001,0.9232,0.4,0.18,0.14,0.18636412219447762
3038,0.0316,0.0016,0.013,0.0131,0.0003,0.9286,0.01,0.06,0.14,0.17241153518529825
790,0.028,0.0005,0.0033,0.0057,0.0,0.9501,0.23,0.61,0.21,0.2048331143495118
2384,0.0752,0.0003,0.028,0.0258,0.0004,0.852,0.53,0.11,0.17,0.17113781146611692
932,0.0314,0.003,0.0069,0.0275,0.0,0.9114,0.26,0.06,0.2,0.17689730232869527
1023,0.016,0.0,0.0043,0.0031,0.0001,0.9651,0.16,0.07,0.2,0.17892942243925186
1618,0.0337,0.002,0.0208,0.0642,0.0,0.8602,0.39,0.27,0.12,0.18469368654865403
486,0.1066,0.0095,0.0,0.0007,0.0,0.8757,0.05,0.78,0.11,0.20541620656639117
1576,0.0499,0.0001,0.0029,0.0207,0.0061,0.9118,0.32,0.39,0.11,0.19579725067287898
393,0.171,0.0035,0.0275,0.0599,0.0035,0.691,0.39,0.18,0.17,0.16133959306785237
2044,0.0481,0.0066,0.0058,0.0968,0.0001,0.8191,0.36,0.27,0.15,0.18869601023647176
1255,0.0148,0.0044,0.0046,0.005,0.0,0.9517,0.22,0.31,0.13,0.19037008623088272
2106,0.1535,0.003,0.0144,0.1759,0.0,0.6327,0.87,0.85,0.17,0.21192977556352766
162,0.0728,0.0032,0.0008,0.1675,0.0,0.7339,0.56,0.99,0.19,0.2270326186735079
1832,0.034,0.0045,0.0,0.0048,0.0,0.9475,0.15,0.19,0.18,0.18500871339023683
1356,0.0374,0.0045,0.0044,0.1236,0.0001,0.8024,0.65,0.82,0.24,0.2202706059553489
2820,0.0004,0.0,0.0,0.001,0.0,0.9863,0.07,0.15,0.14,0.18444271321184622
430,0.0304,0.0009,0.0005,0.0457,0.0,0.8681,0.83,0.71,0.24,0.21252652431196237
1102,0.0573,0.0024,0.0113,0.0108,0.0033,0.8941,0.16,0.37,0.19,0.18650991338467696
438,0.1896,0.0274,0.0139,0.0848,0.008,0.6543,0.6,0.7,0.15,0.19902571948460532
2854,0.0456,0.0022,0.0007,0.0564,0.0029,0.8553,0.53,0.93,0.21,0.2215612195955664
2885,0.0241,0.0067,0.0051,0.1791,0.0006,0.7469,0.47,0.42,0.15,0.20020716617851983
1003,0.0549,0.0078,0.0162,0.008,0.0,0.8947,0.28,0.64,0.2,0.1995415984983834
1220,0.0337,0.0008,0.018000000000000002,0.0931,0.0007,0.8157,0.55,0.15,0.19,0.17983285632393317
1074,0.0206,0.0,0.0055,0.0055,0.0,0.9599,0.05,0.01,0.21,0.17428521644804615
1237,0.0167,0.0051,0.0034,0.4329,0.0,0.5336,0.82,0.58,0.24,0.22521798164790457
30,0.0236,0.0512,0.0046,0.0042,0.0003,0.8944,0.64,0.5,0.14,0.2076872152392279
2928,0.2169,0.0061,0.0249,0.0142,0.0007,0.7042,0.51,0.37,0.12,0.16822378937716514
755,0.2839,0.0015,0.0178,0.0708,0.0001,0.6082,0.66,0.63,0.22,0.18184924920577705
3110,0.0191,0.0045,0.0001,0.0064,0.0013,0.9472,0.35,0.21,0.17,0.18838548830362783
1211,0.6123,0.0055,0.0265,0.0451,0.0,0.3009,0.91,0.79,0.2,0.15777569998829366
173,0.0265,0.0081,0.012,0.1607,0.0,0.7677,0.04,0.06,0.14,0.17628340952950902
3109,0.0175,0.0054,0.0032,0.0074,0.0004,0.9526,0.3,0.12,0.16,0.18366193361875355
296,0.0293,0.0112,0.0045,0.0342,0.0011,0.8925,0.57,0.61,0.24,0.20826661333245688
325,0.0031,0.0218,0.0258,0.0116,0.0,0.8424,0.1,0.61,0.21,0.18691430653044533
1288,0.0663,0.0047,0.0187,0.2261,0.0001,0.6674,0.59,0.71,0.24,0.21109170889253068
506,0.1258,0.032,0.016,0.0157,0.0029,0.7609999999999999,0.72,0.68,0.15,0.1985856518212243
279,0.0371,0.7091,0.0135,0.0159,0.0006,0.154,0.87,0.83,0.26,0.2718584514188007
2003,0.3035,0.0205,0.0075,0.004,0.0,0.6469,0.91,0.62,0.14,0.18584436686821726
2174,0.0873,0.003,0.0043,0.0039,0.0004,0.89,0.18,0.06,0.21,0.1719862627563665
2837,0.0635,0.006999999999999999,0.0067,0.0002,0.0027,0.9105,0.26,0.52,0.17,0.19768932280364926
572,0.2792,0.0017,0.0129,0.0668,0.0,0.6283,0.46,0.46,0.16,0.17422435085271806
2319,0.157,0.0523,0.0081,0.0261,0.0,0.7096,0.63,0.67,0.23,0.19789605688076975
1432,0.0139,0.0047,0.0057,0.0058,0.0,0.9554,0.28,0.33,0.19,0.19263686101395966
2597,0.032,0.1185,0.0002,0.0014,0.0,0.8222,0.41,0.11,0.29,0.19176887669403841
557,0.1238,0.0011,0.013,0.0882,0.0004,0.7529,0.4,0.51,0.19,0.1905022380950845
1569,0.0214,0.0056,0.0076,0.0555,0.0007,0.8856,0.82,0.75,0.18,0.218473910662932
1545,0.0082,0.0,0.001,0.4632,0.0,0.5266,0.86,0.98,0.27,0.24818177074167808
736,0.0484,0.0022,0.0082,0.0204,0.0014,0.9056,0.43,0.65,0.21,0.20624100921842514
73,0.0132,0.0118,0.0015,0.0024,0.0003,0.9586,0.37,0.38,0.19,0.19864075332000014
2807,0.6096,0.0095,0.0,0.0225,0.0,0.3512,0.65,0.99,0.18,0.17356317841680655
48,0.0539,0.005,0.023,0.0658,0.0003,0.8284,0.31,0.26,0.17,0.1800967942076073
601,0.063,0.0021,0.0106,0.1779,0.0,0.7227,0.86,0.74,0.26,0.21633521143649456
679,0.0459,0.0008,0.0094,0.0931,0.0,0.8346,0.85,0.74,0.24,0.21696871614873597
1450,0.0524,0.0044,0.0241,0.1037,0.0001,0.7752,0.72,0.32,0.2,0.18632956095733327
1896,0.0461,0.0048,0.0016,0.0016,0.0,0.9426,0.01,0.15,0.17,0.18042032547285383
1357,0.03,0.0039,0.01,0.2905,0.0,0.6432,0.78,0.76,0.25,0.2233649340150185
2171,0.0294,0.0995,0.0085,0.001,0.0,0.8303,0.35,0.27,0.29,0.19356237896612322
1326,0.0123,0.0186,0.0045,0.0094,0.0001,0.9412,0.59,0.51,0.14,0.20720204418745553
1575,0.0434,0.3836,0.0035,0.0053,0.002,0.4536,0.87,0.86,0.14,0.24184169687848625
402,0.1251,0.3022,0.0096,0.0087,0.0,0.5303,0.73,0.9,0.12,0.23760662043290529
1741,0.0176,0.0064,0.0025,0.0041,0.0,0.9431,0.63,0.86,0.15,0.2214946535105702
1114,0.3641,0.0039,0.0032,0.0077,0.0,0.6056,0.67,0.84,0.2,0.18780123754965847
1552,0.0382,0.0056,0.0057,0.0802,0.0,0.8469,0.59,0.88,0.27,0.22135677153746997
2424,0.0275,0.0012,0.0112,0.0171,0.0003,0.9321,0.28,0.16,0.17,0.1819279562795246
1210,0.0501,0.0011,0.0043,0.002,0.0,0.9157,0.24,0.52,0.19,0.19576919985744426
2567,0.0208,0.0015,0.0079,0.0685,0.0,0.897,0.76,0.94,0.27,0.22968422922728252
2446,0.0202,0.0047,0.002,0.3698,0.0,0.5866,0.74,0.81,0.2,0.2322228094076905
794,0.0267,0.0014,0.0115,0.0834,0.0001,0.8555,0.81,0.29,0.18,0.19502472508661356
2930,0.068,0.0007,0.0026,0.6284,0.0,0.2446,0.96,0.59,0.18,0.22038276093458972
2348,0.0516,0.0093,0.0098,0.0045,0.0017,0.8852,0.4,0.58,0.17,0.1980703358125146
2138,0.033,0.0009,0.0264,0.2539,0.0006,0.6521,0.54,0.09,0.19,0.17936295272275413
1010,0.0126,0.001,0.0044,0.0039,0.0,0.9641,0.03,0.57,0.18,0.20127985441608534
1672,0.0373,0.0076,0.0135,0.0039,0.0001,0.9161,0.04,0.14,0.22,0.1745766374573095
678,0.1304,0.0036,0.0091,0.0044,0.0011,0.8303,0.36,0.19,0.25,0.17321396568922756
2922,0.5309,0.0032,0.0203,0.0184,0.0015,0.4037,0.87,0.63,0.13,0.15729548353481826
324,0.0041,0.0006,0.0013,0.4255,0.0,0.5638,0.87,0.83,0.23,0.23980183604842814
2025,0.5603,0.0023,0.0359,0.2923,0.0003,0.0914,0.99,0.51,0.16,0.15293788837970843
1097,0.1618,0.0099,0.0296,0.1768,0.0103,0.5660000000000001,0.66,0.49,0.22,0.18502148997225665
1807,0.1579,0.0165,0.0,0.0258,0.0,0.7988,0.64,0.98,0.21,0.21971521256332183
809,0.0248,0.0009,0.0143,0.0686,0.0008,0.868,0.57,0.59,0.19,0.20513130751541814
1966,0.1599,0.0023,0.0163,0.07400000000000001,0.0,0.7151,0.79,0.4,0.14,0.18316570704673207
642,0.0619,0.0008,0.0304,0.0494,0.0,0.8390000000000001,0.12,0.0,0.1,0.16176131288338574
2204,0.0204,0.001,0.006999999999999999,0.0584,0.0001,0.8849,0.34,0.12,0.24,0.18126820982809
1127,0.0616,0.0077,0.0128,0.0319,0.0,0.8572,0.4,0.49,0.19,0.19339594697772286
501,0.0895,0.0144,0.0114,0.0076,0.0046,0.8314,0.27,0.54,0.15,0.19087887367526565
691,0.0651,0.0,0.0,0.2513,0.0,0.6799,0.82,0.71,0.24,0.2228859422881428
2117,0.0421,0.0012,0.0179,0.1119,0.0,0.8082,0.63,0.53,0.18,0.2017351185852824
2607,0.0289,0.0026,0.004,0.0214,0.0,0.9305,0.54,0.57,0.25,0.20710455360724242
239,0.0079,0.0066,0.0126,0.2313,0.0007,0.7098,0.69,0.84,0.23,0.22471622260270166
2599,0.022,0.1041,0.0,0.0504,0.0,0.7905,0.39,0.27,0.21,0.19927366405060734
1987,0.1509,0.0044,0.0008,0.3466,0.0003,0.4676,0.99,0.86,0.2,0.22253930530969893
1242,0.0244,0.0041,0.0067,0.0983,0.0,0.8517,0.29,0.27,0.22,0.19103725045332004
2018,0.0441,0.0012,0.0078,0.0272,0.0012,0.8993,0.34,0.26,0.15,0.18614978599779225
2832,0.6374,0.0025,0.02,0.0362,0.0006,0.2947,0.84,0.89,0.16,0.16122123779732672
1462,0.0441,0.0009,0.0141,0.0638,0.0001,0.8512,0.29,0.16,0.14,0.17827347838537946
2268,0.0992,0.0025,0.0031,0.0295,0.0002,0.8439,0.4,0.08,0.2,0.1739468806498365
2307,0.0379,0.2035,0.0092,0.0109,0.0,0.6473,0.89,0.86,0.23,0.22751386142698285
1233,0.0671,0.0,0.0041,0.0451,0.0,0.8621,0.2,0.01,0.19,0.17109664523666643
1053,0.0158,0.0021,0.0115,0.0088,0.0005,0.9505,0.03,0.0,0.2,0.17200013690383348
511,0.1026,0.0114,0.0013,0.0047,0.0,0.8465,0.34,0.27,0.17,0.18073504304878885
2447,0.0367,0.0025,0.0195,0.0677,0.0002,0.857,0.6,0.55,0.19,0.2015615892007242
1366,0.0025,0.0,0.0,0.0031,0.0,0.9789,0.67,0.42,0.23,0.20435102047899747
839,0.0144,0.0013,0.0029,0.0086,0.0005,0.96,0.07,0.13,0.18,0.1815352560830599
2641,0.0125,0.0098,0.0019,0.0072,0.0,0.8689,0.87,0.96,0.27,0.21889012601888178
942,0.0225,0.0006,0.0065,0.0152,0.0,0.9501,0.01,0.01,0.2,0.17410972662208882
2448,0.1109,0.0022,0.0127,0.1751,0.0007,0.6792,0.4,0.28,0.15,0.18371861567938014
1044,0.1029,0.0013,0.0065,0.0048,0.0002,0.8706,0.47,0.79,0.21,0.20782583496853174
3026,0.0208,0.002,0.0023,0.0025,0.0,0.9587,0.2,0.35,0.17,0.19286265235816713
682,0.0074,0.0,0.0734,0.519,0.0017,0.3705,0.94,0.9,0.24,0.21829155689484173
1717,0.0517,0.3686,0.0104,0.0017,0.0,0.5483,0.61,0.59,0.26,0.23455549105840778
598,0.0353,0.0001,0.0033,0.2874,0.0,0.6474,0.92,0.91,0.26,0.23305265491547278
867,0.0129,0.0019,0.0036,0.0118,0.0,0.9585,0.35,0.41,0.17,0.19861912392016873
565,0.0545,0.0,0.0035,0.1378,0.0036,0.7711,0.81,0.77,0.25,0.21903601624230928
2594,0.0625,0.0034,0.0125,0.0216,0.0,0.8842,0.62,0.69,0.25,0.20717641662536462
108,0.5886,0.0042,0.0052,0.0683,0.0001,0.3138,0.97,0.99,0.18,0.17681471292284626
2164,0.0438,0.0009,0.0123,0.0414,0.0001,0.8823,0.13,0.06,0.2,0.17249160023174043
1580,0.0264,0.0026,0.0098,0.2938,0.0001,0.6545,0.8,0.68,0.27,0.22171896630363108
318,0.0101,0.0007,0.0,0.3361,0.0,0.648,0.53,0.71,0.23,0.22697160698200056
1253,0.0562,0.0048,0.0151,0.1196,0.0001,0.7856,0.31,0.28,0.2,0.185804882707234
1378,0.0427,0.0026,0.0075,0.2938,0.0,0.6323,0.89,0.64,0.25,0.21877199890575025
1093,0.0138,0.0043,0.0006,0.0115,0.0,0.9522,0.61,0.44,0.21,0.20350056628642724
3063,0.0845,0.0098,0.0058,0.0108,0.0017,0.8669,0.3,0.44,0.32,0.19113227483043022
567,0.2238,0.0008,0.0265,0.182,0.0002,0.5457,0.56,0.52,0.18,0.18093343867345937
1815,0.0313,0.014,0.0033,0.0,0.0,0.9337,0.54,0.57,0.27,0.20667867413715024
2113,0.0107,0.0141,0.0003,0.0,0.0034,0.9521,0.02,0.12,0.29,0.1821117846051866
582,0.197,0.0012,0.0528,0.1062,0.0004,0.6174,0.45,0.04,0.09,0.1474055682740759
1477,0.0177,0.1586,0.0069,0.0324,0.0016,0.7313,0.65,0.58,0.21,0.21718093919268566
807,0.0168,0.0022,0.0043,0.0073,0.0007,0.9585,0.61,0.69,0.18,0.2149619707238999
2652,0.9472,0.0,0.0,0.0,0.0,0.0528,0.73,0.99,0.17,0.14054639808920963
1222,0.047,0.0,0.0038,0.0019,0.0,0.9155,0.14,0.45,0.19,0.19073852109365635
3096,0.0158,0.0011,0.0045,0.0031,0.0004,0.9625,0.38,0.34,0.18,0.19460929959188925
812,0.0326,0.0018,0.0104,0.0854,0.0001,0.8507,0.3,0.2,0.16,0.18450620422871442
56,0.0344,0.0032,0.0103,0.1954,0.0001,0.7244,0.66,0.4,0.22,0.1997149988833948
1784,0.0256,0.0105,0.0005,0.0038,0.0,0.9266,0.05,0.11,0.22,0.1773155519897792
2119,0.0277,0.0062,0.005,0.0054,0.0,0.9492,0.11,0.11,0.27,0.18015918679675047
2124,0.031,0.0279,0.0,0.0039,0.0004,0.9097,0.06,0.07,0.31,0.1776854716767235
2877,0.0168,0.0016,0.0087,0.0071,0.0004,0.9465,0.13,0.09,0.07,0.17706173774031003
2046,0.5121,0.0253,0.0121,0.0089,0.0007,0.4278,0.53,0.3,0.12,0.14469285711255456
2104,0.0701,0.0069,0.0087,0.0155,0.0,0.8904,0.35,0.55,0.18,0.1988756068916083
2266,0.0683,0.4292,0.008,0.0014,0.0022,0.3989,0.9,0.99,0.26,0.25092784668716694
535,0.047,0.0123,0.0024,0.156,0.0,0.7625,0.83,0.91,0.25,0.2294062304898137
2091,0.0442,0.0045,0.0042,0.0952,0.0002,0.8329,0.76,0.74,0.18,0.21780555236618548
554,0.1362,0.0023,0.0137,0.053,0.0007,0.7826,0.4,0.43,0.16,0.1857801768233346
1330,0.0388,0.0625,0.0036,0.1595,0.0003,0.6758,0.83,0.94,0.25,0.22952768137842497
2203,0.1014,0.0025,0.0693,0.1986,0.0004,0.6003,0.28,0.26,0.14,0.16205221807449796
2672,0.1108,0.0023,0.0038,0.2491,0.0,0.6183,0.91,0.97,0.2,0.22889359305451015
1221,0.1128,0.0046,0.0225,0.0278,0.0003,0.8017,0.42,0.38,0.19,0.17936998874558677
69,0.0229,0.0063,0.008,0.0295,0.0002,0.9121,0.6,0.55,0.22,0.20540520404157603
2756,0.017,0.0015,0.0067,0.0296,0.0,0.9288,0.04,0.05,0.14,0.17560352687033806
1735,0.0196,0.0025,0.0081,0.0094,0.0001,0.9441,0.19,0.48,0.15,0.19697650000555023
436,0.5976,0.0031,0.0291,0.0075,0.0006,0.3429,0.52,0.64,0.13,0.14357228376348874
2154,0.0995,0.0027,0.0116,0.0787,0.0002,0.7821,0.51,0.2,0.21,0.1790090191153724
1623,0.0159,0.005,0.0032,0.5402,0.0,0.4338,0.99,0.9,0.27,0.24695447004949345
2754,0.3433,0.0,0.0108,0.047,0.0,0.5822,0.8,0.93,0.18,0.19383014671236748
3141,0.0177,0.0096,0.006,0.0083,0.0085,0.9407,0.16,0.2,0.17,0.1877163125828807
313,0.8346,0.0022,0.0083,0.0024,0.0,0.1485,0.93,0.98,0.18,0.15061249306622584
233,0.1455,0.0107,0.0012,0.0143,0.0021,0.8044,0.8,0.8,0.24,0.21031079088312932
1509,0.0122,0.0,0.0022,0.7202,0.0,0.2603,0.95,0.99,0.29,0.2556971585022361
1442,0.078,0.0029,0.0673,0.1111,0.0002,0.6962,0.57,0.31,0.19,0.1659892879638023
772,0.0342,0.0027,0.0,0.0004,0.001,0.9328,0.3,0.5,0.24,0.19863043551720597
111,0.1938,0.0012,0.0144,0.0003,0.0037,0.7699,0.28,0.68,0.15,0.18856195269314535
2321,0.0978,0.016,0.0007,0.0127,0.0,0.8338,0.4,0.7,0.2,0.20259378675609938
2716,0.1276,0.0077,0.0065,0.0635,0.0003,0.7818,0.72,0.9,0.2,0.21623772755106196
2916,0.0459,0.0013,0.0112,0.0423,0.0,0.8677,0.26,0.39,0.17,0.18824130938535713
1502,0.0343,0.0028,0.0443,0.0897,0.0007,0.7888,0.29,0.49,0.14,0.18362601222136293
1225,0.0468,0.0088,0.0053,0.0136,0.0,0.9083,0.33,0.52,0.19,0.19940230588912802
472,0.2394,0.0,0.0051,0.0012,0.0,0.7408,0.3,0.3,0.19,0.1687673909144051
685,0.0572,0.0016,0.002,0.2439,0.0,0.6861,0.87,0.92,0.28,0.23276730643395438
1610,0.0025,0.0001,0.0055,0.3664,0.0,0.6159,0.91,0.9,0.26,0.23988110254388806
1752,0.0189,0.0034,0.0025,0.0053,0.0015,0.95,0.9,0.86,0.18,0.2261509878972665
2097,0.0205,0.012,0.0102,0.0223,0.0007,0.9252,0.12,0.1,0.29,0.17947763777395806
1766,0.0439,0.004,0.0168,0.0428,0.0029,0.8576,0.35,0.7,0.16,0.20340906411718798
599,0.3632,0.0161,0.0,0.005,0.0,0.5859,0.81,0.68,0.18,0.1818091272952312
2946,0.0446,0.0037,0.0137,0.5224,0.0028,0.3766,0.8,0.34,0.18,0.2058214773094714
1313,0.0418,0.0013,0.0318,0.4595,0.0005,0.4463,0.67,0.43,0.21,0.20274494198218254
1075,0.0162,0.0074,0.0,0.0058,0.0,0.9449,0.58,0.93,0.2,0.2254525303816931
1298,0.0113,0.0,0.0031,0.0016,0.0,0.9713,0.58,0.36,0.22,0.19878372996572827
361,0.0243,0.0117,0.0067,0.0039,0.0,0.9467,0.21,0.38,0.22,0.19454904863445427
135,0.3543,0.0036,0.0213,0.066,0.0007,0.5347,0.75,0.74,0.17,0.17995961143336767
1429,0.1211,0.0021,0.0098,0.0533,0.0,0.8,0.41,0.22,0.12,0.17814985831726007
2985,0.033,0.0081,0.0112,0.1198,0.0,0.7895,0.01,0.12,0.14,0.17513417249344074
2318,0.0193,0.0,0.0056,0.0082,0.0058,0.9538,0.05,0.06,0.21,0.17840903839714028
2372,0.0746,0.0015,0.0149,0.0537,0.0004,0.8342,0.33,0.1,0.16,0.173214386650453
366,0.1387,0.0028,0.0471,0.0084,0.0006,0.7757,0.17,0.11,0.13,0.1521222397554894
1860,0.1468,0.0155,0.0163,0.0186,0.0053,0.763,0.73,0.92,0.21,0.20915975488208896
29,0.0287,0.0012,0.0,0.3895,0.0006,0.5670000000000001,0.79,0.9,0.23,0.23800043178928282
2624,0.0432,0.0,0.0005,0.5079,0.0003,0.44,0.87,0.88,0.27,0.24041689124640558
22,0.0325,0.0043,0.0058,0.0146,0.0,0.923,0.24,0.61,0.21,0.2030710640025001
2090,0.0377,0.0507,0.005,0.5008,0.0017,0.3834,0.89,0.87,0.19,0.24172646341765783
2662,0.2244,0.0015,0.0113,0.0726,0.0,0.6697,0.41,0.79,0.2,0.1941303827991313
2947,0.0175,0.0,0.0013,0.0215,0.0017,0.9493,0.27,0.28,0.16,0.19261545927843454
420,0.1206,0.004,0.015,0.0069,0.0004,0.8094,0.23,0.62,0.12,0.18755792981180447
1910,0.0307,0.02,0.0078,0.0048,0.0,0.9293,0.25,0.21,0.18,0.18650822309824938
460,0.3804,0.0039,0.0058,0.0079,0.0,0.5889,0.94,0.56,0.18,0.1756332376225013
43,0.0202,0.0127,0.0036,0.0041,0.0,0.9464,0.51,0.44,0.2,0.20180403016725118
87,0.0554,0.0,0.0049,0.0146,0.0,0.9181,0.06,0.21,0.18,0.18124642649175388
2480,0.0488,0.0013,0.0046,0.2398,0.0007,0.6786,0.92,0.69,0.19,0.21964591391548194
612,0.0728,0.0028,0.0129,0.0535,0.0007,0.8391,0.49,0.52,0.18,0.1968484632984532
1419,0.0396,0.0286,0.0176,0.0264,0.0001,0.8538,0.6,0.69,0.23,0.2069523877476465
1436,0.0416,0.0029,0.0064,0.0659,0.0006,0.8518,0.03,0.01,0.06,0.17023970964180613
282,0.0436,0.0029,0.0048,0.4744,0.0,0.4581,1.0,0.89,0.23,0.23897279546889222
1231,0.1235,0.008,0.0148,0.0831,0.0002,0.7394,0.51,0.47,0.2,0.18815365670056516
3040,0.018000000000000002,0.0019,0.0068,0.0089,0.0009,0.9528,0.01,0.05,0.17,0.17563969728525142
2077,0.0216,0.0111,0.0039,0.0036,0.0,0.9524,0.03,0.15,0.31,0.18228609853293995
2982,0.0188,0.0,0.0318,0.0,0.0,0.8946,0.18,0.2,0.13,0.16875529385546098
1697,0.0448,0.002,0.0004,0.0002,0.0,0.9246,0.17,0.23,0.22,0.1826628135746203
533,0.1322,0.0016,0.0512,0.6833,0.0006,0.1007,0.91,0.82,0.26,0.2134490810043647
1979,0.1334,0.0782,0.0151,0.3305,0.0008,0.3988,0.89,0.83,0.22,0.22054142182117617
2573,0.0424,0.0254,0.0122,0.0185,0.0004,0.8757,0.09,0.15,0.21,0.17704395671840992
1174,0.0653,0.0,0.0092,0.0214,0.0,0.9004,0.07,0.42,0.19,0.18970587964431085
2474,0.0532,0.0014,0.0479,0.0386,0.0001,0.8406,0.08,0.01,0.12,0.15640116193622677
2508,0.1006,0.0136,0.0912,0.0117,0.0039,0.7692,0.65,0.29,0.2,0.15994607678017253
2259,0.1594,0.0294,0.0038,0.012,0.0,0.7632,0.38,0.53,0.22,0.18917203286383721
1352,0.0613,0.0036,0.01,0.2633,0.0,0.6512,0.35,0.46,0.22,0.20144217241689963
670,0.1133,0.0018,0.2879,0.0046,0.104,0.3023,0.39,0.23,0.11,0.07942538258716053
2835,0.0956,0.0098,0.0103,0.0072,0.0053,0.8595,0.6,0.49,0.16,0.196707026587403
2483,0.0516,0.002,0.0285,0.4645,0.0011,0.4231,0.63,0.46,0.19,0.2025447985860712
2651,0.2857,0.0047,0.0028,0.0379,0.0,0.6465,0.98,0.99,0.18,0.20673935186213446
3127,0.0116,0.0034,0.0006,0.0522,0.0006,0.9245,0.76,0.42,0.21,0.20753655915784897
2303,0.0438,0.1493,0.0009,0.1083,0.0017,0.6063,0.96,0.91,0.23,0.23179304864608652
761,0.0162,0.0,0.0,0.0,0.0,0.9809,0.13,0.4,0.28,0.1970816063131063
1491,0.058,0.0065,0.0038,0.0112,0.0,0.9054,0.63,0.33,0.2,0.19353420260055543
1228,0.0542,0.0129,0.0063,0.0096,0.0,0.8957,0.22,0.41,0.2,0.19124063308989372
221,0.0917,0.0737,0.0943,0.0528,0.0241,0.579,0.46,0.51,0.18,0.167319377575701
543,0.0839,0.0009,0.0086,0.0867,0.0,0.7975,0.78,0.9,0.26,0.21909999545774195
2306,0.0803,0.0574,0.0029,0.0107,0.0006,0.7917,0.16,0.34,0.21,0.1841894677053332
2251,0.0966,0.0138,0.0087,0.0042,0.0012,0.8476,0.32,0.49,0.22,0.19045863574698643
3033,0.0298,0.0047,0.0204,0.006999999999999999,0.0002,0.9224,0.15,0.08,0.17,0.172268250190093
693,0.0771,0.0008,0.0101,0.4466,0.001,0.4577,0.94,0.85,0.23,0.23187821646585702
1036,0.0997,0.0016,0.0138,0.0346,0.0008,0.8320000000000001,0.15,0.45,0.17,0.18567813146060558
1566,0.0119,0.0022,0.0,0.2593,0.0,0.7227,0.61,0.94,0.29,0.23697214181328521
2774,0.0233,0.0027,0.0101,0.0109,0.0003,0.9309,0.31,0.31,0.07,0.1885002539412528
805,0.1309,0.0007,0.0278,0.0137,0.0,0.8108,0.07,0.22,0.14,0.1650490057562779
2763,0.4779,0.0051,0.0035,0.032,0.0009,0.4693,0.9,0.97,0.17,0.18716529253004555
756,0.006,0.0003,0.0055,0.5773,0.0,0.4069,0.86,0.92,0.24,0.24679122534550083
2901,0.0812,0.0061,0.0145,0.3101,0.0041,0.5487,0.32,0.28,0.18,0.18751758737457389
272,0.0271,0.0019,0.0107,0.3592,0.0,0.5927,0.94,0.63,0.21,0.22318912474169514
521,0.0256,0.0051,0.0061,0.1332,0.0004,0.8108,0.68,0.74,0.23,0.21918235715884762
522,0.0281,0.0137,0.0059,0.0687,0.0031,0.8667,0.93,0.94,0.23,0.2320905383518672
1681,0.0245,0.0075,0.0037,0.0058,0.0001,0.9311,0.62,0.65,0.17,0.21019126471789382
1789,0.0516,0.0048,0.0042,0.0156,0.0,0.9053,0.18,0.11,0.18,0.17721813748427198
2997,0.041,0.0012,0.0093,0.1201,0.0,0.8149,0.76,0.64,0.22,0.21278207780270295
350,0.0563,0.0085,0.006,0.0817,0.0,0.8206,0.83,0.41,0.21,0.19965543562446367
3071,0.0198,0.0003,0.0062,0.0282,0.0,0.9224,0.56,0.37,0.21,0.19624824360767612
1833,0.0,0.0,0.0,0.0,0.0,1.0,0.09,0.22,0.18,0.19000340465067375
2431,0.0065,0.0212,0.0,0.0,0.0,0.9437,0.15,0.26,0.2,0.18937339939739842
651,0.3073,0.006,0.0041,0.0,0.0,0.6613,0.56,0.68,0.28,0.18313382687932547
3064,0.0492,0.0032,0.0073,0.0057,0.0,0.9227,0.29,0.25,0.18,0.18512409776982713
2718,0.9134,0.0,0.0,0.0004,0.0,0.0809,0.99,1.0,0.18,0.14686872676603116
2043,0.0516,0.0014,0.096,0.0348,0.0006,0.7712,0.35,0.34,0.12,0.1551795552562022
1229,0.0082,0.0029,0.011,0.0036,0.0,0.9607,0.39,0.21,0.22,0.1869353533394424
2418,0.0129,0.0006,0.0099,0.0216,0.0001,0.9392,0.55,0.35,0.18,0.19560220848640733
2522,0.0185,0.0039,0.0075,0.0231,0.0004,0.9274,0.38,0.63,0.23,0.20701312604373737
168,0.6564,0.0003,0.0,0.0008,0.0016,0.341,0.6,0.94,0.18,0.165963918740598
2628,0.0452,0.0321,0.0019,0.0155,0.0008,0.8844,0.32,0.12,0.21,0.18319731983010687
1497,0.0175,0.0,0.0053,0.2296,0.0023,0.7403,0.47,0.94,0.29,0.23214586011209162
1977,0.5049,0.0185,0.0047,0.0087,0.0001,0.4581,0.93,0.53,0.14,0.16460257371212542
912,0.0796,0.0023,0.0126,0.0075,0.0003,0.8784,0.46,0.71,0.19,0.2033922027268623
829,0.0991,0.0004,0.008,0.0116,0.0004,0.8629,0.08,0.26,0.14,0.17684928424357912
2553,0.0253,0.0031,0.0022,0.0967,0.0,0.8413,0.6,0.83,0.27,0.2205701478114358
1558,0.0419,0.0031,0.0575,0.0453,0.0004,0.8269,0.07,0.09,0.1,0.15729997666539577
2185,0.1258,0.0035,0.0209,0.1328,0.0013,0.6614,0.75,0.64,0.24,0.19465522088057216
1374,0.0036,0.0032,0.0007,0.0006,0.0,0.9815,0.86,0.37,0.23,0.205011557847334
2346,0.0148,0.0011,0.0011,0.0089,0.0,0.9593,0.19,0.32,0.24,0.19223881937242157
219,0.0479,0.0035,0.006,0.0278,0.0003,0.899,0.2,0.13,0.17,0.1789609349987298
367,0.025,0.0024,0.0016,0.5533,0.0,0.4104,0.97,0.95,0.24,0.2480448884695166
2162,0.0102,0.0002,0.0003,0.0036,0.0,0.9808,0.77,0.61,0.26,0.21556878678758126
2339,0.0514,0.1969,0.0054,0.0468,0.0001,0.6443,0.93,0.83,0.22,0.2326944221613655
3125,0.013,0.0036,0.0048,0.0349,0.0,0.9248,0.49,0.24,0.2,0.191416739870684
2245,0.0899,0.0388,0.0297,0.0278,0.0,0.7615,0.26,0.44,0.2,0.17946871648746188
1455,0.0217,0.0796,0.0048,0.0018,0.0002,0.8467,0.79,0.71,0.14,0.21846400355546866
351,0.0527,0.1343,0.0798,0.0075,0.002,0.6396,0.55,0.64,0.21,0.18239237763789024
1375,0.0197,0.0,0.0046,0.1316,0.0,0.8240000000000001,0.54,0.3,0.2,0.19659725776947984
1736,0.0346,0.0186,0.0076,0.0075,0.0,0.9012,0.47,0.36,0.22,0.1924993785271978
2529,0.0037,0.0,0.0,0.0018,0.0,0.9941,0.42,0.72,0.25,0.21781287530221968
490,0.5333,0.0048,0.0459,0.0516,0.0013,0.3416,0.97,0.82,0.14,0.1597660946168335
2819,0.4687,0.0012,0.0114,0.0561,0.0002,0.4467,0.78,0.9,0.17,0.1799825103676287
2486,0.0394,0.0008,0.0425,0.0369,0.0001,0.8569,0.16,0.03,0.15,0.1606895846250831
498,0.415,0.0168,0.0096,0.0075,0.0,0.5289,0.84,0.77,0.18,0.17936829583308264
1812,0.0768,0.0002,0.0092,0.0443,0.0,0.8527,0.34,0.08,0.13,0.1742583102968434
210,0.0086,0.0,0.0,0.0106,0.0,0.9692,0.48,0.45,0.22,0.20360623544206038
2692,0.3196,0.0191,0.0062,0.0053,0.0,0.6251,0.46,0.87,0.19,0.18979527703865745
746,0.0505,0.0041,0.0,0.0935,0.0,0.8403,0.66,0.81,0.28,0.22171901161751062
650,0.0348,0.0017,0.0067,0.119,0.0001,0.8235,0.8,0.67,0.24,0.21616699189877894
227,0.0256,0.0,0.0049,0.748,0.0,0.2138,0.89,0.84,0.23,0.24585452540092195
365,0.2062,0.0078,0.0083,0.0028,0.0027,0.7605,0.72,0.33,0.16,0.17937532968288963
2254,0.1306,0.0392,0.0102,0.0067,0.0006,0.7785,0.87,0.58,0.18,0.19897258429886602
276,0.0099,0.0021,0.0003,0.1867,0.0,0.7265,0.7,0.69,0.24,0.21301233349589208
2093,0.0537,0.0007,0.0118,0.3641,0.0,0.5476,0.77,0.72,0.18,0.22020872631066493
1407,0.0342,0.0027,0.0032,0.0094,0.0,0.9334,0.4,0.5,0.21,0.20067448257880025
2966,0.0634,0.0464,0.0168,0.0098,0.0003,0.8278,0.61,0.34,0.12,0.1890309791992228
1406,0.0353,0.0024,0.0189,0.0345,0.0001,0.8905,0.04,0.06,0.11,0.17000600940775257
1616,0.0024,0.0005,0.0,0.3469,0.0,0.6436,0.63,0.88,0.29,0.23722614305552533
407,0.4268,0.0024,0.0717,0.0169,0.0017,0.4542,0.48,0.46,0.1,0.13617319140146356
2409,0.0443,0.0018,0.0018,0.2331,0.0014,0.6878,0.5,0.55,0.19,0.2084679614204926
1037,0.1481,0.0071,0.0025,0.0105,0.0023,0.8155,0.54,0.53,0.2,0.1941995105315181
2897,0.0722,0.0013,0.0094,0.0178,0.0,0.8761,0.36,0.54,0.17,0.19532496048414494
2262,0.0869,0.0061,0.0421,0.0088,0.0022,0.8191,0.19,0.36,0.14,0.17067000300756974
2959,0.0998,0.0184,0.0117,0.0103,0.0042,0.8053,0.64,0.45,0.13,0.18899102174247526
2533,0.1779,0.0031,0.0056,0.2095,0.0002,0.5893,0.79,0.95,0.2,0.21828613206705597
1425,0.0799,0.0012,0.1189,0.0499,0.0003,0.7185,0.23,0.02,0.06,0.1299994254580288
7,0.026,0.825,0.0108,0.0074,0.0022,0.0973,0.97,0.89,0.26,0.29426629174469654
810,0.0178,0.0022,0.0072,0.0263,0.0023,0.9151,0.86,0.49,0.18,0.20537057081618273
2285,0.08,0.0824,0.0042,0.0204,0.0,0.7456,0.84,0.7,0.21,0.21024044747809986
1468,0.0974,0.0019,0.0247,0.0099,0.0,0.8505,0.43,0.41,0.12,0.1832135291096594
415,0.1745,0.0,0.0,0.0,0.0,0.8216,0.11,0.46,0.14,0.18375327900721344
3138,0.084,0.0034,0.0043,0.0051,0.0,0.8953,0.28,0.31,0.18,0.18606640795937446
838,0.0276,0.0,0.0057,0.0421,0.0,0.9096,0.45,0.69,0.18,0.21126370047066342
765,0.0356,0.0299,0.0007,0.0034,0.0,0.912,0.76,0.56,0.25,0.21081162478883844
2993,0.1311,0.0039,0.0128,0.1105,0.0005,0.7195,0.46,0.17,0.18,0.17500346179483722
199,0.0897,0.0109,0.0127,0.0071,0.002,0.8363,0.79,0.52,0.14,0.19507363358193006
3108,0.0322,0.0033,0.0296,0.008,0.0001,0.9104,0.17,0.15,0.17,0.17222333276177437
283,0.0003,0.002,0.0022,0.5937,0.0,0.3953,0.96,0.85,0.24,0.24662157370165141
231,0.0631,0.0019,0.0071,0.0181,0.0002,0.8871,0.75,0.47,0.22,0.19881547244108858
2421,0.0109,0.0011,0.0048,0.0047,0.0,0.9677,0.21,0.14,0.17,0.183473201240673
2349,0.0381,0.2194,0.0123,0.0046,0.0008,0.6371,0.77,0.73,0.23,0.22060084986941222
96,0.1324,0.001,0.0276,0.0505,0.0004,0.7666,0.29,0.09,0.14,0.1618323184335875
1505,0.078,0.0033,0.0118,0.0314,0.0002,0.8656,0.3,0.17,0.12,0.17812384592773045
2694,0.3999,0.0,0.0143,0.0222,0.0,0.5605,0.69,0.95,0.18,0.18797544051187048
1674,0.0247,0.0049,0.0019,0.0132,0.0,0.9366,0.26,0.7,0.16,0.2099507801332035
990,0.0297,0.0026,0.0019,0.0076,0.0,0.9455,0.13,0.02,0.21,0.17573208207616772
1950,0.0321,0.0019,0.0291,0.0153,0.0001,0.9035,0.05,0.03,0.12,0.16495916915040368
1506,0.0748,0.0048,0.1437,0.1185,0.0003,0.6191,0.63,0.27,0.11,0.1401469144793122
2999,0.0156,0.0061,0.0164,0.0556,0.0,0.8997,0.28,0.38,0.21,0.19397849366242606
2712,0.1871,0.0017,0.0128,0.1979,0.0011,0.5751,0.88,0.79,0.19,0.20654856697560614
1559,0.0037,0.0017,0.0049,0.7753,0.0,0.2079,0.93,0.94,0.29,0.2544662705391305
3097,0.0897,0.0069,0.0049,0.0044,0.0004,0.8775,0.4,0.6,0.29,0.19980955441139836
104,0.0423,0.0029,0.0164,0.0712,0.0002,0.8497,0.15,0.56,0.21,0.19684660843160143
2342,0.037000000000000005,0.2128,0.0083,0.0306,0.0008,0.6334,0.85,0.82,0.23,0.22925994823850762
3016,0.0881,0.0056,0.0159,0.0089,0.0085,0.8408,0.28,0.5,0.14,0.18926702415655752
2571,0.0319,0.0111,0.0126,0.0081,0.0,0.921,0.03,0.03,0.21,0.17139028713571955
2297,0.0851,0.0036,0.0099,0.008,0.003,0.8552,0.52,0.49,0.17,0.1922248602486548
1818,0.1392,0.038,0.0279,0.0244,0.0007,0.7322,0.6,0.72,0.21,0.19522722487941502
1055,0.0159,0.0037,0.0009,0.003,0.0,0.9608,0.46,0.29,0.21,0.19408897908448505
2177,0.0106,0.0076,0.0119,0.0008,0.0004,0.9562,0.07,0.08,0.31,0.17668669149964084
2574,0.0408,0.9019,0.0,0.0008,0.0,0.0444,0.99,0.75,0.29,0.2990055608158283
744,0.0321,0.0,0.0078,0.3289,0.0,0.6151,0.83,0.83,0.27,0.2296579701709883
226,0.0249,0.0057,0.0037,0.0033,0.0009,0.9387,0.44,0.32,0.2,0.19269225028800874
1034,0.0134,0.0011,0.0025,0.0005,0.0,0.9804,0.04,0.02,0.21,0.1773475884689971
2045,0.0308,0.0028,0.0134,0.059,0.0001,0.8623,0.49,0.2,0.15,0.18340898857971855
2413,0.2278,0.0028,0.0408,0.0829,0.0008,0.6079,0.76,0.08,0.14,0.15198001702321806
1694,0.0329,0.0012,0.0254,0.0439,0.0003,0.8714,0.04,0.32,0.12,0.17967206628345592
2273,0.0472,0.0401,0.0429,0.0394,0.0009,0.7693,0.51,0.67,0.22,0.19281622062642226
2365,0.0441,0.0914,0.0071,0.0072,0.0002,0.7043,0.87,0.85,0.23,0.20854533739584805
2766,0.5606,0.0038,0.0684,0.0321,0.0,0.3246,0.7,0.88,0.19,0.14955111506007662
1822,0.0335,0.005,0.0024,0.0034,0.0022,0.9358,0.01,0.12,0.18,0.17828256923533947
785,0.0264,0.002,0.0117,0.041,0.0,0.897,0.48,0.37,0.18,0.19338837844637535
1204,0.052000000000000005,0.0057,0.005,0.0277,0.0,0.89,0.3,0.52,0.19,0.198364235825033
798,0.0384,0.0097,0.0054,0.0825,0.0,0.8456,0.78,0.66,0.18,0.2144858247248657
1427,0.0565,0.0006,0.011,0.2579,0.0,0.6287,0.75,0.25,0.13,0.19068285577337396
1041,0.0139,0.0021,0.0051,0.0289,0.0,0.9411,0.31,0.66,0.19,0.21038818892761144
1938,0.0291,0.0027,0.0141,0.0407,0.0002,0.8993,0.53,0.22,0.17,0.18707963591941773
464,0.4003,0.0045,0.0387,0.032,0.0011,0.5002,0.59,0.3,0.17,0.14483120973427632
2926,0.0191,0.0038,0.0066,0.0327,0.0,0.9218,0.14,0.19,0.17,0.1837685292389777
900,0.0443,0.0025,0.0344,0.1494,0.0004,0.7402,0.7,0.52,0.18,0.19593979092277833
1263,0.0346,0.0029,0.0144,0.0453,0.0,0.8884,0.52,0.02,0.19,0.1767189030776894
1421,0.0203,0.0022,0.0146,0.0045,0.0002,0.9373,0.1,0.25,0.13,0.18160490535640259
2563,0.0258,0.0042,0.0025,0.0845,0.0006,0.8677,0.66,0.94,0.26,0.22897282421807505
2024,0.032,0.0015,0.0088,0.0135,0.0002,0.9317,0.4,0.29,0.15,0.18969834755665893
1763,0.0673,0.0,0.0,0.0,0.0,0.8956,0.05,0.45,0.26,0.1879918700861621
2655,0.2069,0.0034,0.0004,0.1312,0.0,0.6472,0.61,0.83,0.18,0.20742732982830273
212,0.0154,0.0035,0.0054,0.0191,0.0,0.9438,0.4,0.23,0.18,0.18985022612422714
12,0.045,0.0024,0.0015,0.3387,0.0,0.5927,0.98,0.91,0.26,0.23619893961301783
3041,0.0074,0.0,0.002,0.0156,0.0019,0.9655,0.37,0.43,0.21,0.20190370980327374
422,0.337,0.0038,0.1163,0.0471,0.0038,0.4556,0.56,0.55,0.11,0.13502804091049697
999,0.0304,0.0028,0.0048,0.029,0.0,0.8812,0.49,0.62,0.21,0.2025183793037916
1052,0.0228,0.0034,0.0049,0.002,0.0,0.9537,0.42,0.82,0.2,0.2173119564590288
1057,0.048,0.0017,0.0082,0.0072,0.0003,0.9188,0.37,0.5,0.2,0.1973238545077968
1454,0.0244,0.0012,0.0102,0.0399,0.0,0.899,0.43,0.28,0.13,0.18851294859298845
741,0.0492,0.0024,0.0178,0.5558,0.0021,0.3453,0.93,0.72,0.26,0.2259111430922693
2768,0.016,0.003,0.0041,0.0079,0.0,0.9484,0.27,0.31,0.08,0.19084374494417888
2653,0.2556,0.0013,0.0611,0.1028,0.0006,0.5579,0.65,0.81,0.17,0.17885024768587257
3086,0.0066,0.0015,0.0028,0.0086,0.0,0.9731,0.6,0.45,0.2,0.20509520926637373
1029,0.0324,0.0061,0.015,0.0172,0.0015,0.9153,0.36,0.3,0.19,0.18827888566513853
2134,0.0547,0.0007,0.0193,0.0155,0.0,0.8902,0.21,0.04,0.2,0.16820451459472846
1777,0.0132,0.0268,0.0085,0.008,0.0,0.9141,0.56,0.35,0.24,0.19588210656999513
509,0.0966,0.0007,0.0159,0.4593,0.0002,0.4052,0.54,0.65,0.23,0.21101519464987675
644,0.0551,0.0034,0.0088,0.3821,0.0003,0.5443,0.96,0.98,0.26,0.23934324853632313
597,0.0344,0.0,0.0019,0.4554,0.0011,0.4988,0.99,0.8,0.24,0.23712904115751796
2706,0.2179,0.0,0.0,0.011,0.0,0.7567,0.59,0.82,0.18,0.20144983202718894
2215,0.0093,0.5487,0.0006,0.0004,0.0006,0.4049,0.84,0.76,0.29,0.2663854829325947
1446,0.0541,0.0024,0.06,0.2847,0.0004,0.5727,0.38,0.08,0.12,0.16532866504870278
2208,0.0131,0.0003,0.0003,0.0026,0.0,0.9801,0.15,0.27,0.21,0.19128773833036342
2772,0.4038,0.0002,0.003,0.0463,0.0,0.5276,0.7,0.95,0.18,0.18978803909614075
518,0.104,0.001,0.0018,0.5578,0.0004,0.3232,0.99,0.97,0.25,0.24069866286459068
2850,0.0522,0.0106,0.0,0.0023,0.0009,0.9157,0.23,0.61,0.16,0.20361302986644933
887,0.0956,0.0022,0.0248,0.029,0.0,0.8321,0.61,0.38,0.17,0.18465843608982724
573,0.0441,0.0039,0.0055,0.1658,0.0,0.7631,0.59,0.7,0.25,0.21540561855333742
3067,0.0017,0.0013,0.0,0.0001,0.001,0.9924,0.69,0.38,0.2,0.20491150254014484
2857,0.0483,0.0026,0.009000000000000001,0.2679,0.0,0.6322,0.35,0.32,0.16,0.19178107581568957
1226,0.0337,0.0037,0.0054,0.0062,0.0009,0.9365,0.24,0.38,0.19,0.19293650077124222
2859,0.0252,0.0016,0.0,0.0016,0.0,0.9673,0.27,0.61,0.16,0.20800509937414594
2844,0.301,0.0,0.0015,0.0202,0.0,0.6421,0.73,0.97,0.19,0.1986082058565721
1272,0.0282,0.0035,0.0128,0.4895,0.0005,0.4486,0.84,0.69,0.23,0.22662038122303327
1584,0.0132,0.0078,0.0048,0.0046,0.0,0.9656,0.07,0.59,0.16,0.20473083217018742
123,0.1752,0.0053,0.005,0.0161,0.0,0.7683,0.42,0.94,0.18,0.205740322216084
1307,0.0268,0.0019,0.0021,0.0728,0.0015,0.8778,0.91,0.25,0.2,0.19833562071927824
220,0.0394,0.0069,0.0066,0.0275,0.0001,0.9044,0.57,0.4,0.17,0.1975550258911839
3045,0.0082,0.0037,0.0022,0.0068,0.0,0.9694,0.54,0.4,0.21,0.2017583782402854
358,0.4537,0.0036,0.0537,0.0189,0.0009,0.4451,0.71,0.54,0.12,0.14674887072309067
1392,0.2093,0.001,0.0341,0.0322,0.0002,0.7029,0.51,0.03,0.07,0.15144348943343586
2769,0.0362,0.0033,0.0055,0.2029,0.0,0.7347,0.72,0.96,0.21,0.23136738755096062
1983,0.0468,0.0037,0.0105,0.0584,0.0,0.8679,0.63,0.63,0.2,0.20824220798121096
1791,0.0323,0.0035,0.0093,0.0168,0.0,0.846,0.07,0.59,0.19,0.1873991784747161
2978,0.0573,0.0111,0.0224,0.0162,0.0054,0.8456,0.48,0.38,0.13,0.18529099982297514
259,0.0399,0.0017,0.0,0.2148,0.0031,0.7246,0.55,0.68,0.21,0.21845497727259908
2905,0.0967,0.005,0.1751,0.0628,0.0076,0.5961,0.29,0.38,0.09,0.12546825377361792
2407,0.0396,0.0023,0.0137,0.4661,0.0005,0.4517,0.97,0.72,0.21,0.22603907904856813
976,0.0193,0.0015,0.0248,0.0254,0.0002,0.9176,0.35,0.71,0.19,0.2055175224531826
2509,0.0272,0.0037,0.003,0.171,0.0008,0.7665,0.74,0.8,0.26,0.22336806805090495
2078,0.0146,0.001,0.0047,0.0539,0.0,0.9033,0.55,0.28,0.22,0.19372414057820772
1105,0.0676,0.0324,0.0097,0.0494,0.0018,0.7943,0.8,0.66,0.22,0.20763593162999022
2802,0.1523,0.0,0.0186,0.0306,0.0,0.7713,0.43,0.72,0.19,0.19332298468636316
1239,0.0544,0.0015,0.0286,0.2146,0.0005,0.6745,0.57,0.09,0.17,0.17688688496419117
1949,0.0173,0.0029,0.0053,0.006999999999999999,0.0009,0.9585,0.29,0.19,0.19,0.18693391183851518
1744,0.0225,0.003,0.0035,0.0725,0.0008,0.8806,0.54,0.88,0.17,0.2237802969266528
2848,0.1091,0.0047,0.0049,0.028,0.0009,0.8371,0.56,0.89,0.18,0.21456970175374832
2441,0.0155,0.0008,0.0001,0.3036,0.0,0.6459,0.87,0.77,0.2,0.22810120700878284
456,0.3357,0.0015,0.0456,0.0091,0.0007,0.5727,0.54,0.48,0.1,0.15410143949356342
462,0.5867,0.0019,0.0539,0.0248,0.0046,0.2993,0.8,0.62,0.12,0.13853764380054703
3028,0.01,0.0015,0.0025,0.0086,0.0029,0.9667,0.22,0.48,0.18,0.20210812178643892
3007,0.0302,0.0,0.0128,0.5492,0.0,0.3832,0.91,0.68,0.18,0.2269030159354314
3094,0.0192,0.0039,0.0438,0.0153,0.0001,0.8985,0.21,0.04,0.17,0.16368289370469413
1412,0.0365,0.0026,0.0216,0.0386,0.0002,0.879,0.28,0.3,0.12,0.18317690450074234
381,0.1521,0.0071,0.0086,0.0058,0.0,0.8133,0.69,0.45,0.16,0.18922679116239502
2931,0.0576,0.004,0.0242,0.4919,0.0012,0.3817,0.67,0.33,0.17,0.197063388537886
1467,0.0457,0.0059,0.0445,0.0614,0.0003,0.8127,0.14,0.23,0.11,0.16895580692068507
2591,0.2684,0.001,0.0037,0.0874,0.0,0.6221,0.49,0.82,0.17,0.19567250644735654
1538,0.0265,0.0,0.006,0.742,0.0,0.2219,0.97,0.96,0.29,0.2526354326126842
964,0.077,0.0005,0.0102,0.0002,0.0,0.9038,0.28,0.14,0.21,0.1761178859696134
1476,0.0566,0.0072,0.0055,0.135,0.0001,0.7637,0.7,0.24,0.22,0.1906368859657049
1563,0.0489,0.0006,0.0019,0.443,0.0,0.4958,0.91,0.9,0.27,0.2386909522523695
1587,0.0896,0.0023,0.0072,0.0105,0.0,0.8837,0.13,0.46,0.12,0.19006412763162825
59,0.0166,0.029,0.0056,0.0073,0.0009,0.9116,0.14,0.16,0.2,0.18254356369873914
2111,0.0768,0.0008,0.0031,0.0086,0.0001,0.898,0.16,0.11,0.22,0.17523265218013132
2851,0.2441,0.0045,0.0211,0.0773,0.0003,0.6345,0.69,0.78,0.19,0.19268498297713
1244,0.0396,0.002,0.0153,0.0356,0.0004,0.883,0.04,0.04,0.17,0.16900899574641848
2244,0.0127,0.0001,0.0051,0.0511,0.0002,0.8959999999999999,0.73,0.11,0.25,0.18584428129081904
2476,0.0403,0.0566,0.0156,0.0,0.0,0.8463,0.42,0.26,0.29,0.1851384140184418
2403,0.0862,0.0064,0.0028,0.0,0.0014,0.8728,0.39,0.41,0.17,0.18946142249991468
2422,0.0741,0.0009,0.0546,0.0561,0.0002,0.7944,0.14,0.02,0.12,0.15349643593098514
657,0.0043,0.0057,0.0,0.3031,0.0029,0.6798,0.78,0.91,0.27,0.24063100640084528
1601,0.006,0.006999999999999999,0.0011,0.4334,0.0,0.5467,0.88,0.78,0.29,0.2380134535778152
845,0.052000000000000005,0.0031,0.0042,0.0093,0.0005,0.9176,0.35,0.65,0.19,0.20587212638331995
542,0.1344,0.0013,0.0095,0.0082,0.0,0.8445,0.69,0.48,0.19,0.19342106064537598
2086,0.0428,0.0124,0.0124,0.0317,0.0,0.8916,0.03,0.07,0.31,0.17405503228765754
1402,0.0188,0.0073,0.0029,0.0016,0.0,0.9489,0.46,0.37,0.2,0.19647101805661749
2942,0.0634,0.0181,0.0111,0.0049,0.0012,0.877,0.22,0.58,0.14,0.19696259933816337
1963,0.5348,0.0025,0.0,0.0157,0.0,0.4441,0.69,0.58,0.16,0.16171932839363592
952,0.0206,0.0035,0.0037,0.0041,0.0,0.9543,0.03,0.44,0.2,0.1947321818894222
2847,0.0187,0.0652,0.0086,0.4514,0.0,0.4234,0.24,0.55,0.14,0.21634632345809468
2570,0.002,0.1086,0.0081,0.0,0.0,0.8089,0.34,0.27,0.29,0.1906040145676859
1651,0.0372,0.0051,0.0203,0.0324,0.0004,0.8753,0.44,0.61,0.16,0.19932680234373207
3135,0.0137,0.0014,0.0,0.003,0.0,0.9706,0.15,0.2,0.16,0.18686485687328494
1557,0.0259,0.0053,0.0128,0.0246,0.0,0.9117,0.09,0.35,0.13,0.18732625369952852
3031,0.0116,0.0019,0.0071,0.0389,0.0,0.9211,0.31,0.25,0.18,0.1888565153087903
2541,0.0027,0.5775,0.0043,0.003,0.0,0.3897,0.97,0.85,0.29,0.27616505110295875
1431,0.0453,0.0161,0.0127,0.0363,0.0012,0.8717,0.22,0.4,0.12,0.1914944972180111
2538,0.0636,0.0011,0.0262,0.5343,0.0002,0.3576,0.78,0.72,0.24,0.22014971027282507
1866,0.3114,0.0046,0.0955,0.1123,0.0068,0.4277,0.74,0.92,0.19,0.16658706825678318
2823,0.2098,0.0023,0.0017,0.2023,0.0011,0.5720000000000001,0.75,0.93,0.18,0.21547829642063174
435,0.1422,0.0103,0.0448,0.0671,0.0001,0.6956,0.83,0.55,0.21,0.18218436462799273
2752,0.2227,0.0047,0.0,0.0227,0.0,0.7208,0.48,0.93,0.19,0.20329156765599216
237,0.0246,0.0009,0.0002,0.0275,0.0,0.9269,0.54,0.81,0.23,0.2192458905330675
3106,0.1423,0.0052,0.0,0.0004,0.0,0.8190000000000001,0.37,0.69,0.32,0.1971736515951308
2222,0.0552,0.0015,0.0523,0.223,0.0003,0.6301,0.51,0.09,0.21,0.1662535004143669
109,0.3768,0.0027,0.0084,0.0707,0.0,0.5233,0.75,0.85,0.18,0.18752837215361426
2390,0.0156,0.002,0.0033,0.0052,0.0001,0.9588,0.47,0.45,0.18,0.20115403859356615
781,0.2721,0.0108,0.0059,0.0022,0.0002,0.6984,0.67,0.27,0.27,0.16996902224437752
2787,0.0234,0.0021,0.04,0.0259,0.0005,0.8851,0.18,0.12,0.07,0.16767619383996737
163,0.0912,0.0055,0.0036,0.0353,0.0,0.8533,0.4,0.89,0.18,0.21550561698317156
288,0.0651,0.0057,0.0122,0.1978,0.0001,0.6857,0.76,0.79,0.23,0.21609042634183287
1161,0.1086,0.0134,0.0161,0.0288,0.0001,0.7964,0.73,0.48,0.19,0.19046854732593013
252,0.0676,0.123,0.0666,0.0071,0.0009,0.6157,0.4,0.68,0.26,0.17871332267240744
1116,0.025,0.0,0.0,0.0627,0.0,0.9088,0.5,0.23,0.21,0.1944209003741772
2120,0.0648,0.0239,0.0094,0.3179,0.0,0.5706,0.98,0.83,0.22,0.22992241188023504
2892,0.5297,0.0,0.0,0.0054,0.0037,0.4613,0.59,0.96,0.18,0.1800419931933005
767,0.0457,0.0004,0.0021,0.1757,0.0,0.7564,0.52,0.73,0.22,0.2166195196826369
787,0.0105,0.0008,0.0029,0.0068,0.0004,0.9722,0.09,0.38,0.18,0.19499403410688645
1441,0.1152,0.0038,0.0068,0.0318,0.0002,0.812,0.66,0.47,0.2,0.19192512948380983
2350,0.0606,0.1231,0.0083,0.0787,0.0111,0.6206,0.91,0.96,0.23,0.22718854684744666
1271,0.0238,0.0018,0.0034,0.0186,0.0,0.9407,0.04,0.06,0.18,0.1769899961158111
1071,0.0244,0.0008,0.0025,0.0216,0.0,0.9365,0.23,0.03,0.2,0.17780943252234926
1706,0.1158,0.0264,0.0151,0.0182,0.0222,0.7727,0.86,0.95,0.15,0.22142163643929264
1551,0.025,0.0026,0.0019,0.0137,0.0,0.9448,0.03,0.47,0.17,0.196832427679398
3066,0.024,0.0019,0.0097,0.008,0.0,0.9391,0.01,0.09,0.16,0.17469008225929758
1117,0.0463,0.0746,0.0062,0.0066,0.0003,0.8301,0.27,0.36,0.19,0.19332700710868833
1032,0.0837,0.0018,0.0454,0.0655,0.0008,0.7771,0.38,0.01,0.19,0.15780235460082045
1632,0.0293,0.0022,0.0085,0.3715,0.0,0.5691,0.94,0.81,0.28,0.2310187413097372
1364,0.0198,0.0014,0.0014,0.0045,0.0003,0.9535,0.26,0.09,0.21,0.18077057905790653
847,0.016,0.003,0.008,0.0406,0.0002,0.9168,0.25,0.26,0.17,0.1886487542083296
2466,0.0109,0.0003,0.0037,0.0071,0.0,0.9581,0.42,0.22,0.18,0.18891961358581602
2516,0.0337,0.002,0.0078,0.0263,0.0006,0.9094,0.25,0.59,0.24,0.2016431911533935
461,0.1157,0.0461,0.03,0.0098,0.0032,0.7435,0.76,0.66,0.13,0.1946472028037682
1776,0.034,0.003,0.005,0.02,0.0005,0.9167,0.38,0.53,0.17,0.201128038675253
1926,0.0492,0.0033,0.0056,0.0564,0.0,0.8637,0.64,0.38,0.17,0.1962839718254868
157,0.3832,0.0041,0.0539,0.0979,0.002,0.4407,0.92,0.87,0.2,0.17571280175467915
1001,0.016,0.0034,0.0079,0.0201,0.0,0.9339,0.17,0.02,0.19,0.1750263399266291
2354,0.0869,0.0385,0.044,0.0463,0.0006,0.7173,0.34,0.38,0.19,0.1714096355642291
1800,0.0053,0.0011,0.0,0.0007,0.0,0.9915,0.19,0.4,0.18,0.19928007053281896
677,0.3609,0.0028,0.0043,0.0015,0.0045,0.615,0.67,0.61,0.28,0.17818728557547528
1867,0.2116,0.0014,0.2394,0.0953,0.0003,0.4306,0.47,0.1,0.1,0.08518212829944821
1027,0.0158,0.0,0.0052,0.0043,0.0,0.9634,0.25,0.23,0.21,0.18748999022397178
238,0.6376,0.0092,0.0119,0.0168,0.0006,0.3097,0.99,0.96,0.19,0.1683907774734065
978,0.0833,0.0025,0.081,0.0519,0.0003,0.7583,0.49,0.66,0.18,0.17823963063864467
2894,0.0091,0.0005,0.0012,0.0057,0.0,0.9759,0.68,0.63,0.19,0.21485211166474252
243,0.0415,0.0772,0.0157,0.0054,0.0033,0.7992,0.41,0.64,0.2,0.20322620043207826
100,0.0599,0.0039,0.0078,0.009000000000000001,0.0002,0.8999,0.61,0.53,0.25,0.2004200918216882
315,0.0124,0.0017,0.0,0.128,0.0,0.8457,0.56,0.66,0.23,0.21773679429992482
1177,0.0359,0.0005,0.0015,0.0011,0.0,0.9574,0.15,0.47,0.19,0.19817944385153782
2549,0.0443,0.1151,0.0212,0.0049,0.0,0.7681,0.39,0.25,0.2,0.18634288521439332
1025,0.0224,0.0026,0.0154,0.0133,0.0023,0.9319,0.46,0.03,0.21,0.17727366302230915
1577,0.0126,0.0002,0.0009,0.3111,0.0,0.6701,0.64,0.87,0.27,0.23473069060935198
261,0.2758,0.115,0.0073,0.0088,0.0005,0.574,0.92,1.0,0.18,0.21533631722739052
1264,0.0225,0.0,0.0047,0.0745,0.0,0.8815,0.37,0.34,0.22,0.19493833344037662
2243,0.0612,0.0394,0.008,0.0,0.0069,0.8797,0.51,0.58,0.17,0.20802699461789628
195,0.0437,0.0017,0.019,0.4105,0.0002,0.493,0.35,0.12,0.17,0.1845194739462534
1973,0.0597,0.0009,0.0656,0.115,0.0004,0.7217,0.3,0.11,0.13,0.15655808166904053
1783,0.0312,0.023,0.0024,0.0078,0.0,0.9226,0.08,0.21,0.26,0.18562814102983094
1929,0.4999,0.0411,0.0252,0.0247,0.0006,0.3868,0.68,0.45,0.13,0.15095397704704247
179,0.0289,0.0,0.0084,0.0825,0.0,0.8465,0.16,0.32,0.15,0.1869803525422614
834,0.0622,0.0027,0.0056,0.0545,0.0009,0.8619,0.3,0.34,0.17,0.19037689981095443
842,0.0035,0.0003,0.0009,0.0049,0.0,0.9697,0.24,0.44,0.18,0.19871990443149837
3122,0.0096,0.0023,0.0055,0.0213,0.0,0.9578,0.58,0.43,0.21,0.2036998661412727
1578,0.0169,0.0009,0.0323,0.3691,0.0006,0.5644,0.64,0.87,0.27,0.22368490467473287
1123,0.018000000000000002,0.0,0.0027,0.028,0.0004,0.9379,0.26,0.04,0.19,0.17963580776424407
340,0.0572,0.0026,0.0206,0.1202,0.0002,0.7787,0.12,0.25,0.18,0.1795200981718246
1178,0.2123,0.0052,0.0207,0.0223,0.0,0.711,0.73,0.55,0.19,0.18225324838457235
2944,0.0898,0.0019,0.0316,0.3996,0.0018,0.4292,0.82,0.43,0.19,0.1942713877501886
748,0.0758,0.0014,0.0156,0.0017,0.0016,0.883,0.4,0.35,0.27,0.18450053051865795
1666,0.0,0.001,0.0,0.0,0.0,0.9927,0.53,0.7,0.16,0.21772105044778783
662,0.0356,0.0007,0.0103,0.1609,0.0001,0.7688,0.13,0.48,0.24,0.19687856675182255
480,0.3614,0.0019,0.0053,0.0364,0.0018,0.5819,0.74,0.29,0.19,0.1635505292167209
