,percent_hispanic,percent_non_hispanic_american_indianalaska_native,percent_non_hispanic_asian,percent_non_hispanic_black,percent_non_hispanic_native_hawaiianpacific_islander,percent_non_hispanic_white,social_vulnerability_index,cvac_level_of_concern_for_vaccination_rollout,actual_y,predicted_y
2789,0.3768,0.0017,0.0029,0.0556,0.0,0.5553,0.89,0.96,0.18,0.17870000000000005
2970,0.0102,0.0023,0.0061,0.0309,0.0008,0.9394,0.59,0.52,0.19,0.2113
1064,0.0354,0.0009,0.0044,0.0033,0.0005,0.938,0.27,0.52,0.21,0.18029999999999993
2895,0.0294,0.0046,0.0013,0.0153,0.0,0.9322,0.11,0.18,0.16,0.20289999999999997
2989,0.3973,0.0,0.1109,0.1278,0.0,0.3309,0.53,0.28,0.15,0.13489999999999985
2400,0.0321,0.0081,0.0013,0.3825,0.0,0.5660000000000001,0.8,0.69,0.2,0.2007
1344,0.0136,0.0111,0.0097,0.0082,0.0004,0.9363,0.45,0.24,0.13,0.17659999999999992
2172,0.0779,0.003,0.0072,0.4969,0.0006,0.3961,0.98,0.77,0.19,0.2317999999999999
1334,0.0536,0.0034,0.04,0.0885,0.0037,0.7837,0.71,0.09,0.18,0.1658000000000001
1480,0.025,0.0153,0.0043,0.0018,0.0,0.9376,0.11,0.1,0.18,0.21230000000000007
819,0.0664,0.0027,0.0,0.1889,0.0,0.7385,0.47,0.73,0.17,0.2162
1179,0.0771,0.0086,0.0006,0.044,0.0,0.8413,0.29,0.29,0.2,0.18389999999999992
611,0.0578,0.0029,0.0072,0.2692,0.0,0.6471,0.85,0.95,0.26,0.26020000000000015
2856,0.1919,0.0074,0.0218,0.0996,0.0008,0.6527,0.82,0.83,0.2,0.19190000000000015
2149,0.0261,0.0011,0.0632,0.033,0.0001,0.8504,0.02,0.0,0.16,0.16349999999999998
2493,0.0564,0.001,0.0081,0.035,0.0,0.8808,0.34,0.13,0.17,0.18850000000000008
332,0.0233,0.0398,0.0028,0.3198,0.0015,0.6023,0.86,0.86,0.23,0.2318
2719,0.2484,0.0049,0.0052,0.0984,0.0001,0.633,0.94,0.97,0.2,0.19750000000000012
2560,0.026,0.0026,0.0039,0.0817,0.0,0.873,0.63,0.61,0.26,0.2015000000000001
1613,0.0452,0.003,0.0035,0.0035,0.0009,0.9321,0.14,0.31,0.12,0.17829999999999988
2527,0.0246,0.0024,0.0038,0.0524,0.0003,0.904,0.57,0.78,0.25,0.24059999999999993
1537,0.0514,0.0049,0.0609,0.0425,0.0,0.8115,0.11,0.33,0.1,0.14890000000000003
1543,0.0112,0.0086,0.0036,0.0041,0.0,0.9599,0.48,0.75,0.16,0.18099999999999997
1830,0.3117,0.0317,0.0011,0.0007,0.0,0.6408,0.83,0.84,0.21,0.23100000000000012
2292,0.0505,0.0164,0.0018,0.0093,0.0009,0.8801,0.16,0.37,0.22,0.18369999999999997
218,0.0115,0.0044,0.0051,0.0142,0.0006,0.9516,0.37,0.21,0.2,0.1919
291,0.1496,0.0074,0.0138,0.005,0.0092,0.7962,0.6,0.66,0.2,0.16760000000000003
2340,0.0352,0.101,0.0072,0.0356,0.0007,0.7098,0.81,0.94,0.23,0.22810000000000025
857,0.0131,0.001,0.0056,0.0083,0.0003,0.9614,0.08,0.45,0.18,0.18039999999999995
2202,0.0749,0.0012,0.002,0.0025,0.0,0.9066,0.03,0.06,0.31,0.19589999999999982
17,0.022,0.0038,0.0079,0.2801,0.0003,0.6729999999999999,0.74,0.88,0.25,0.24190000000000011
170,0.3381,0.0017,0.0662,0.0786,0.0003,0.4896,0.38,0.69,0.15,0.15850000000000006
2478,0.0402,0.0015,0.0027,0.5328,0.0,0.4089,0.8,0.89,0.2,0.23320000000000018
2299,0.1057,0.0555,0.0002,0.0138,0.0,0.7775,0.87,0.91,0.22,0.21530000000000002
1677,0.001,0.0,0.0,0.0068,0.0,0.9923,0.01,0.3,0.26,0.2291999999999998
1068,0.1009,0.0002,0.0047,0.0057,0.0,0.8726,0.58,0.79,0.19,0.2073
178,0.0198,0.0017,0.0026,0.039,0.0,0.929,0.81,0.65,0.19,0.2139000000000001
2776,0.0999,0.0012,0.0003,0.0995,0.0,0.7837,0.8,0.97,0.2,0.23100000000000012
1665,0.0379,0.2233,0.0037,0.0032,0.0,0.6918,0.7,0.32,0.27,0.22679999999999997
1317,0.0033,0.0008,0.0151,0.0049,0.0,0.9723,0.81,0.37,0.23,0.19760000000000022
1110,0.0511,0.0032,0.0,0.01,0.0,0.9298,0.07,0.33,0.19,0.18960000000000005
1146,0.0167,0.0011,0.0047,0.0152,0.0,0.9506,0.73,0.37,0.22,0.2080000000000001
2167,0.0159,0.0035,0.0048,0.0183,0.0002,0.9329,0.3,0.18,0.23,0.1961000000000001
927,0.0396,0.0018,0.0085,0.0961,0.0,0.8245,0.5,0.47,0.16,0.1888
596,0.0325,0.0,0.0042,0.2892,0.0,0.6603,0.77,0.86,0.25,0.2574000000000002
1103,0.0701,0.0057,0.0145,0.0819,0.001,0.789,0.24,0.4,0.21,0.17060000000000003
889,0.0244,0.001,0.0037,0.0063,0.0,0.953,0.11,0.23,0.17,0.177
134,0.1224,0.0306,0.0,0.0,0.0,0.8469,0.76,0.83,0.18,0.21520000000000003
2838,0.3006,0.0019,0.0094,0.2475,0.0005,0.4287,0.83,0.9,0.17,0.19270000000000004
2998,0.0412,0.0059,0.0279,0.0224,0.0008,0.8865,0.16,0.04,0.17,0.16880000000000003
102,0.0071,0.0,0.0,0.0028,0.0,0.9571,0.6,0.97,0.25,0.21710000000000002
414,0.1095,0.016,0.0,0.0095,0.0008,0.8484,0.61,0.61,0.18,0.19210000000000008
568,0.0701,0.0024,0.0207,0.1767,0.0002,0.71,0.24,0.46,0.21,0.20670000000000002
2717,0.7928,0.0005,0.0081,0.0318,0.0,0.1627,0.99,0.99,0.17,0.1721
1778,0.0236,0.0021,0.0057,0.0076,0.0,0.9464,0.48,0.84,0.18,0.19660000000000008
1451,0.0361,0.0034,0.0098,0.4146,0.0002,0.5154,0.9,0.49,0.15,0.19430000000000006
1302,0.0,0.0022,0.0014,0.0067,0.0,0.9776,0.62,0.41,0.22,0.21399999999999994
2147,0.0516,0.0041,0.0028,0.0067,0.0002,0.9249,0.57,0.78,0.19,0.2083
727,0.0546,0.0034,0.0038,0.1064,0.0,0.8185,0.64,0.74,0.22,0.21510000000000015
654,0.2529,0.006,0.0082,0.0041,0.0025,0.7031,0.74,0.45,0.25,0.16949999999999987
309,0.1411,0.2576,0.0187,0.0112,0.0017,0.5405,0.71,0.81,0.2,0.2143000000000001
2014,0.0748,0.0029,0.0056,0.0235,0.0005,0.8744,0.72,0.33,0.15,0.1947000000000001
879,0.0314,0.0018,0.0059,0.1007,0.0001,0.8485,0.46,0.51,0.18,0.20790000000000003
192,0.0705,0.0027,0.0645,0.1505,0.0,0.6772,0.38,0.34,0.13,0.14150000000000001
194,0.0808,0.0041,0.0108,0.1341,0.0033,0.7514,0.6,0.32,0.17,0.17840000000000003
1924,0.012,0.0078,0.0,0.0149,0.0,0.9653,0.01,0.15,0.17,0.19779999999999984
2233,0.0086,0.0015,0.0008,0.056,0.0,0.9247,0.43,0.55,0.22,0.2038000000000001
1234,0.0145,0.0047,0.0114,0.0085,0.0014,0.9473,0.19,0.19,0.13,0.14529999999999998
2862,0.1606,0.0025,0.0166,0.1639,0.0011,0.6401,0.73,0.86,0.18,0.20350000000000004
44,0.0533,0.0027,0.0058,0.0167,0.0,0.9006,0.44,0.29,0.19,0.1902
1727,0.0128,0.0016,0.008,0.0,0.0,0.9776,0.08,0.2,0.26,0.22779999999999997
1553,0.006999999999999999,0.0024,0.0035,0.2042,0.0,0.782,0.6,0.92,0.27,0.23110000000000003
1094,0.0358,0.0035,0.0003,0.0046,0.0,0.9313,0.05,0.34,0.2,0.19990000000000013
2531,0.027000000000000003,0.0041,0.0067,0.2729,0.0,0.6802,0.26,0.6,0.25,0.22239999999999996
759,0.0231,0.0064,0.0045,0.2714,0.0076,0.6721,0.85,0.79,0.25,0.24430000000000004
2914,0.044,0.0008,0.0108,0.07400000000000001,0.0,0.8390000000000001,0.44,0.14,0.19,0.1750000000000001
2170,0.0399,0.0024,0.0061,0.4204,0.0,0.5206,0.75,0.73,0.17,0.22019999999999992
1730,0.0263,0.1827,0.0056,0.0024,0.0003,0.7692,0.48,0.54,0.27,0.20110000000000014
1517,0.0151,0.0,0.0015,0.1982,0.0,0.7756,0.71,0.93,0.28,0.25609999999999994
578,0.0641,0.0017,0.0349,0.3057,0.0002,0.5652,0.49,0.59,0.2,0.2187999999999999
485,0.1127,0.0187,0.0121,0.0145,0.003,0.7999,0.53,0.8,0.12,0.19400000000000012
1487,0.0152,0.008,0.0094,0.0166,0.0005,0.9209,0.31,0.16,0.19,0.184
442,0.0869,0.0025,0.0473,0.0133,0.0007,0.8223,0.01,0.09,0.12,0.1306
1637,0.0035,0.0,0.0012,0.6129,0.0,0.377,0.84,0.98,0.29,0.27489999999999976
862,0.0358,0.0012,0.0338,0.0238,0.0002,0.89,0.14,0.38,0.17,0.1619
1662,0.0128,0.0094,0.0038,0.0073,0.0,0.9449,0.5,0.78,0.17,0.17850000000000002
2648,0.5222,0.0013,0.0196,0.0563,0.0,0.3965,0.72,0.96,0.17,0.17459999999999998
859,0.0145,0.004,0.0016,0.0076,0.0,0.9661,0.29,0.55,0.18,0.19119999999999984
1874,0.0551,0.0025,0.0,0.0008,0.0,0.9282,0.19,0.14,0.18,0.21439999999999998
240,0.026,0.0047,0.0018,0.0343,0.0,0.9185,0.67,0.88,0.23,0.24220000000000003
2347,0.1181,0.0475,0.0064,0.034,0.001,0.7422,0.65,0.9,0.2,0.20120000000000007
2925,0.0878,0.0003,0.0103,0.3308,0.0,0.5423,0.68,0.3,0.15,0.17929999999999996
2423,0.0305,0.0007,0.0206,0.0126,0.0,0.9142,0.12,0.01,0.11,0.1428000000000001
695,0.0861,0.0255,0.0175,0.0069,0.0016,0.8368,0.58,0.25,0.27,0.18940000000000004
139,0.5197,0.0017,0.0069,0.0247,0.0004,0.4357,0.67,0.95,0.17,0.1797
2988,0.0,0.0014,0.0,0.0,0.0,0.9932,0.06,0.33,0.17,0.22690000000000005
346,0.0169,0.0006,0.0038,0.1339,0.0009,0.8329,0.77,0.8,0.23,0.2437
1641,0.0494,0.014,0.0063,0.0007,0.0005,0.903,0.25,0.28,0.22,0.21600000000000003
314,0.0135,0.0056,0.0005,0.4322,0.0025,0.5313,0.88,0.77,0.21,0.23650000000000004
1738,0.0301,0.0336,0.0042,0.0031,0.0001,0.9011,0.35,0.49,0.24,0.19890000000000005
322,0.0773,0.0179,0.0185,0.0139,0.0002,0.8427,0.61,0.65,0.21,0.19660000000000002
2488,0.0149,0.0006,0.0032,0.2763,0.0,0.6885,0.86,0.81,0.19,0.2541
2058,0.0403,0.0021,0.0067,0.3271,0.001,0.6117,0.84,0.83,0.2,0.24750000000000008
2240,0.0466,0.0991,0.0043,0.002,0.0,0.6839,0.83,0.85,0.23,0.2383
256,0.0805,0.0727,0.0309,0.0428,0.0051,0.6993,0.34,0.54,0.21,0.21490000000000012
1309,0.0156,0.0039,0.0039,0.0074,0.0,0.9576,0.75,0.28,0.23,0.19930000000000017
2126,0.0555,0.0022,0.013,0.1345,0.0009,0.7711,0.38,0.42,0.17,0.1794000000000001
2593,0.0334,0.0031,0.0028,0.0045,0.0,0.9395,0.59,0.79,0.27,0.2038000000000001
203,0.0978,0.0224,0.0168,0.0035,0.004,0.8186,0.74,0.5,0.14,0.17800000000000005
2283,0.2382,0.0136,0.0004,0.0058,0.0,0.7216,0.46,0.75,0.22,0.1869
298,0.0366,0.3417,0.0023,0.0057,0.0023,0.5086,0.35,0.68,0.26,0.2379
51,0.02,0.0152,0.0049,0.0042,0.0005,0.9374,0.1,0.24,0.2,0.18380000000000002
214,0.02,0.0992,0.0048,0.0083,0.0,0.8457,0.1,0.1,0.17,0.2226999999999999
63,0.0797,0.0031,0.0031,0.0227,0.0002,0.8667,0.41,0.35,0.21,0.18819999999999992
840,0.0158,0.0004,0.005,0.0067,0.0,0.9653,0.21,0.4,0.18,0.1693
2793,0.0569,0.4706,0.005,0.0015,0.0028,0.4382,0.98,0.89,0.17,0.26119999999999993
1921,0.0224,0.0003,0.003,0.0016,0.0003,0.9634,0.07,0.16,0.18,0.1813999999999999
299,0.0033,0.0011,0.0043,0.4577,0.0,0.5272,0.85,0.82,0.23,0.2541000000000002
432,0.1975,0.0707,0.0314,0.0327,0.0016,0.6193,0.97,0.78,0.15,0.1934000000000002
1187,0.2889,0.0031,0.0455,0.2171,0.0021,0.4088,0.92,0.75,0.22,0.17300000000000007
52,0.0169,0.004,0.0052,0.0028,0.0,0.9578,0.54,0.67,0.2,0.19490000000000005
1048,0.0203,0.0009,0.0095,0.0212,0.0,0.9387,0.19,0.03,0.2,0.17370000000000008
1289,0.0246,0.0083,0.0049,0.1638,0.0,0.7814,0.81,0.79,0.24,0.2318
1084,0.0526,0.0,0.0007,0.0201,0.0,0.9105,0.61,0.25,0.18,0.20160000000000008
1190,0.0766,0.002,0.0505,0.0458,0.0003,0.7992,0.06,0.13,0.15,0.126
718,0.0167,0.0,0.0036,0.7313,0.0014,0.2431,0.8,0.9,0.26,0.2453999999999998
1157,0.2338,0.0,0.0062,0.008,0.0,0.7121,0.41,0.62,0.2,0.1696999999999999
3072,0.0148,0.0,0.0,0.0448,0.0,0.9188,0.83,0.47,0.21,0.20950000000000013
676,0.0439,0.0012,0.0136,0.1763,0.0003,0.7464,0.29,0.53,0.23,0.22940000000000016
1173,0.0278,0.0013,0.0012,0.008,0.0,0.9443,0.56,0.18,0.18,0.20160000000000008
965,0.179,0.002,0.0087,0.0247,0.0003,0.7673,0.39,0.03,0.2,0.16560000000000002
897,0.12,0.0014,0.0052,0.0154,0.001,0.8457,0.33,0.31,0.17,0.18309999999999993
2684,0.0672,0.0012,0.0045,0.1653,0.0007,0.7452,0.82,0.92,0.21,0.2396
70,0.035,0.0051,0.0035,0.0208,0.0009,0.9175,0.61,0.7,0.22,0.21610000000000013
2008,0.0354,0.0715,0.0054,0.0562,0.0022,0.8162,0.71,0.36,0.17,0.22190000000000015
1080,0.0383,0.0031,0.0134,0.0059,0.0066,0.9286,0.15,0.08,0.19,0.15770000000000006
1670,0.0231,0.0071,0.0023,0.002,0.0009,0.948,0.35,0.53,0.15,0.18110000000000004
2290,0.0201,0.0019,0.0104,0.0135,0.0001,0.9367,0.48,0.39,0.23,0.1732
3034,0.0158,0.0042,0.0039,0.0072,0.0,0.954,0.1,0.07,0.17,0.1804
1614,0.0154,0.0013,0.0077,0.7234,0.0003,0.245,0.87,0.77,0.27,0.2381999999999998
1061,0.0278,0.006,0.0,0.0076,0.0,0.947,0.06,0.01,0.21,0.2027000000000001
605,0.1641,0.002,0.0205,0.0851,0.0003,0.7118,0.52,0.41,0.19,0.1744
1898,0.2382,0.0156,0.0066,0.0074,0.0,0.72,0.57,0.3,0.17,0.17819999999999994
478,0.4849,0.0021,0.1443,0.0784,0.0024,0.262,0.77,0.71,0.11,0.1378999999999999
949,0.2195,0.0011,0.0367,0.0119,0.0004,0.7090000000000001,0.69,0.14,0.21,0.14279999999999993
1399,0.0294,0.0025,0.0029,0.0068,0.0001,0.9411,0.13,0.26,0.19,0.1874000000000001
2351,0.0555,0.0015,0.0166,0.0257,0.0004,0.8829,0.17,0.08,0.2,0.1428000000000001
2034,0.0474,0.0024,0.0137,0.0215,0.0003,0.8984,0.23,0.1,0.13,0.15969999999999998
2274,0.0112,0.0026,0.0045,0.0313,0.0004,0.914,0.6,0.16,0.25,0.2114
289,0.0495,0.0056,0.0262,0.2405,0.0008,0.6468,0.31,0.29,0.19,0.17580000000000007
1090,0.0678,0.0032,0.0033,0.028,0.0,0.8865,0.89,0.49,0.18,0.2058
1748,0.0284,0.0035,0.0153,0.1166,0.0001,0.816,0.26,0.45,0.15,0.20690000000000006
450,0.1224,0.0141,0.0135,0.0175,0.0023,0.8019,0.47,0.56,0.12,0.19630000000000009
1770,0.0086,0.005,0.0008,0.0023,0.0,0.98,0.52,0.74,0.18,0.20429999999999995
1703,0.0159,0.002,0.0049,0.0141,0.0,0.9472,0.53,0.72,0.17,0.19760000000000003
463,0.0659,0.0135,0.0028,0.0047,0.0,0.8759999999999999,0.89,0.66,0.22,0.20110000000000003
3132,0.0273,0.0429,0.0,0.0058,0.0,0.9146,0.18,0.52,0.32,0.21559999999999999
1206,0.5505,0.0046,0.0137,0.0191,0.0004,0.3972,0.86,0.68,0.2,0.16090000000000004
2394,0.0601,0.0027,0.0187,0.1466,0.0007,0.7485,0.44,0.27,0.18,0.16960000000000006
1691,0.035,0.0093,0.0053,0.0011,0.0,0.9295,0.19,0.2,0.24,0.1973
76,0.0981,0.0023,0.0263,0.0143,0.0002,0.8385,0.22,0.19,0.18,0.16230000000000003
331,0.0368,0.0018,0.0411,0.2273,0.0,0.6744,0.66,0.58,0.2,0.20420000000000016
610,0.1811,0.001,0.04,0.1249,0.0001,0.6289,0.52,0.04,0.11,0.12919999999999998
2225,0.056,0.2118,0.0013,0.0569,0.0,0.6268,0.81,0.88,0.22,0.23089999999999997
144,0.4974,0.0116,0.0,0.0,0.0,0.491,0.76,0.83,0.18,0.1875
1786,0.0402,0.002,0.0334,0.4623,0.0005,0.4364,0.78,0.78,0.15,0.23440000000000005
45,0.0201,0.0056,0.0012,0.0062,0.0,0.9481,0.77,0.71,0.23,0.19710000000000008
2808,0.0468,0.0159,0.0032,0.0001,0.0011,0.9122,0.11,0.49,0.16,0.23890000000000008
343,0.1392,0.0024,0.0206,0.0156,0.0008,0.7918,0.88,0.84,0.22,0.2084
1124,0.476,0.0,0.0043,0.0004,0.0,0.5165,0.38,0.72,0.2,0.1745
3009,0.2133,0.0026,0.0162,0.017,0.0013,0.7167,0.68,0.47,0.13,0.17739999999999995
544,0.0515,0.0014,0.0017,0.103,0.0,0.8277,0.93,0.92,0.25,0.24930000000000027
2019,0.0491,0.0049,0.0367,0.1084,0.0002,0.7685,0.52,0.17,0.14,0.17090000000000008
152,0.5044,0.001,0.0029,0.0648,0.0,0.4164,0.94,0.99,0.18,0.17400000000000004
2708,0.5219,0.0042,0.0097,0.056,0.0013,0.3967,0.87,0.97,0.18,0.17800000000000002
2619,0.0299,0.0049,0.0035,0.0067,0.0,0.9443,0.54,0.48,0.25,0.1850000000000001
2576,0.0358,0.004,0.005,0.0417,0.0,0.8947,0.43,0.8,0.25,0.23180000000000006
3060,0.0574,0.0024,0.0136,0.0612,0.0,0.8321,0.23,0.08,0.19,0.15649999999999994
0,0.0053,0.0009,0.0003,0.6938,0.0,0.2684,0.93,0.94,0.23,0.2635000000000002
1461,0.0353,0.0034,0.0082,0.0769,0.0002,0.8464,0.55,0.32,0.22,0.17669999999999994
705,0.0566,0.0033,0.0174,0.3636,0.0007,0.5378,0.87,0.82,0.26,0.24590000000000015
408,0.0944,0.0042,0.0105,0.0048,0.0012,0.8516,0.2,0.47,0.11,0.16400000000000006
2337,0.0537,0.1248,0.0078,0.0242,0.0009,0.654,0.65,0.5,0.23,0.19970000000000013
2247,0.1826,0.0338,0.0113,0.0309,0.0003,0.6823,0.75,0.55,0.2,0.19830000000000012
2402,0.0684,0.0014,0.0235,0.2024,0.0002,0.6834,0.76,0.45,0.19,0.19410000000000008
1338,0.0129,0.0034,0.0024,0.0088,0.0,0.9599,0.84,0.23,0.23,0.21760000000000002
2555,0.0222,0.0016,0.0022,0.0,0.0,0.968,0.02,0.03,0.2,0.2660999999999997
1459,0.0349,0.0584,0.005,0.0652,0.0013,0.7767,0.53,0.51,0.21,0.20290000000000002
1839,0.0156,0.0032,0.008,0.0065,0.0,0.9501,0.15,0.15,0.15,0.1501
32,0.0731,0.0016,0.0069,0.1354,0.0,0.7555,0.55,0.22,0.13,0.17879999999999996
211,0.0429,0.0054,0.0241,0.0084,0.0,0.9091,0.02,0.06,0.16,0.15209999999999999
2543,0.0272,0.0054,0.0037,0.02,0.0,0.926,0.26,0.82,0.27,0.2333000000000002
14,0.095,0.0017,0.1291,0.0332,0.0002,0.7170000000000001,0.04,0.44,0.16,0.10509999999999994
93,0.1091,0.001,0.0118,0.0538,0.0004,0.8042,0.13,0.15,0.16,0.14950000000000008
2746,0.2634,0.0018,0.0158,0.1426,0.0002,0.5593,0.84,0.88,0.18,0.19080000000000003
2498,0.0385,0.0382,0.0034,0.0025,0.0,0.8983,0.23,0.24,0.21,0.22559999999999988
831,0.0295,0.0004,0.002,0.0584,0.0,0.8824,0.75,0.62,0.18,0.21430000000000005
354,0.1397,0.0036,0.006,0.0267,0.0005,0.8075,0.73,0.64,0.21,0.1989
149,0.2099,0.0018,0.0022,0.0039,0.0,0.7822,0.77,0.95,0.19,0.18720000000000006
254,0.1539,0.0,0.0006,0.28800000000000003,0.0,0.555,0.98,0.73,0.23,0.21450000000000005
1423,0.0507,0.0012,0.0182,0.1038,0.0008,0.7893,0.61,0.28,0.15,0.1732000000000001
2575,0.014,0.0024,0.0043,0.0032,0.0,0.9631,0.73,0.81,0.27,0.22679999999999992
184,0.011,0.0,0.0126,0.5668,0.0,0.3686,0.72,0.36,0.17,0.19870000000000004
1760,0.0162,0.0029,0.0054,0.0059,0.0006,0.9595,0.44,0.65,0.16,0.18760000000000002
1091,0.0269,0.0023,0.001,0.008,0.0,0.9329,0.2,0.33,0.19,0.18450000000000005
789,0.218,0.003,0.0118,0.0209,0.0,0.73,0.47,0.35,0.16,0.16819999999999993
1159,0.0198,0.0,0.0175,0.0417,0.0,0.8853,0.13,0.39,0.19,0.16510000000000002
471,0.5332,0.0036,0.0699,0.0788,0.0029,0.2853,0.9,0.69,0.13,0.1435
2889,0.077,0.0011,0.0033,0.1064,0.0,0.7902,0.88,0.98,0.21,0.23580000000000015
1957,0.0209,0.101,0.0,0.002,0.0001,0.8659,0.63,0.79,0.18,0.2161
930,0.041,0.0017,0.0145,0.2984,0.0001,0.6164,0.52,0.41,0.18,0.18630000000000002
2223,0.0315,0.0178,0.0038,0.0069,0.0,0.9127,0.12,0.18,0.29,0.20969999999999994
257,0.014,0.0006,0.0035,0.4503,0.0,0.516,0.87,0.88,0.23,0.25920000000000004
1797,0.0251,0.0356,0.0048,0.0002,0.0012,0.879,0.23,0.21,0.17,0.23629999999999995
2900,0.0305,0.0035,0.0091,0.2219,0.0007,0.7067,0.34,0.14,0.17,0.18220000000000006
2883,0.1,0.0073,0.0064,0.0492,0.0008,0.8246,0.63,0.87,0.18,0.1988000000000001
2590,0.0441,0.0024,0.0038,0.1024,0.0002,0.8289,0.77,0.77,0.26,0.22220000000000004
2974,0.0124,0.0011,0.0041,0.0529,0.0005,0.9146,0.86,0.54,0.19,0.22130000000000016
1940,0.021,0.0311,0.0079,0.0141,0.0,0.9058,0.73,0.43,0.16,0.18630000000000005
1299,0.0082,0.0027,0.004,0.0155,0.0,0.9492,0.68,0.24,0.22,0.23590000000000022
1960,0.0333,0.0039,0.002,0.0208,0.0016,0.934,0.22,0.7,0.18,0.2005
2376,0.031,0.0009,0.0059,0.4723,0.0,0.4772,0.98,0.81,0.21,0.2552000000000002
2196,0.015,0.001,0.0046,0.0087,0.0002,0.9537,0.29,0.3,0.24,0.1722999999999999
1880,0.0705,0.0049,0.0419,0.0381,0.0007,0.8122,0.3,0.12,0.17,0.13510000000000003
776,0.0365,0.0002,0.0093,0.1924,0.0,0.7481,0.72,0.77,0.24,0.24649999999999989
594,0.0992,0.0051,0.004,0.1928,0.0,0.6912,0.97,0.92,0.27,0.23380000000000029
174,0.0062,0.0,0.0084,0.3082,0.0,0.6748,0.16,0.11,0.15,0.16430000000000014
2588,0.124,0.0022,0.002,0.0791,0.0004,0.768,0.78,0.79,0.25,0.21830000000000002
2241,0.0139,0.0028,0.0064,0.0331,0.0,0.9263,0.28,0.12,0.24,0.19250000000000023
120,0.1527,0.0033,0.1509,0.0963,0.0006,0.5696,0.15,0.49,0.13,0.10959999999999992
2829,0.0231,0.0031,0.0175,0.0121,0.0004,0.9255,0.1,0.1,0.07,0.14940000000000006
528,0.0826,0.0,0.0017,0.1519,0.0023,0.7351,0.94,0.88,0.28,0.2501
1444,0.0164,0.0003,0.005,0.0051,0.0,0.9628,0.22,0.49,0.12,0.18039999999999995
1321,0.0151,0.0049,0.0051,0.0047,0.0001,0.9516,0.15,0.18,0.13,0.1507999999999999
1089,0.0256,0.0175,0.0045,0.0059,0.0037,0.8801,0.38,0.56,0.22,0.19960000000000014
1018,0.0341,0.0018,0.0667,0.0303,0.0002,0.8351,0.45,0.63,0.17,0.18410000000000004
439,0.1009,0.0,0.0221,0.0092,0.0,0.8533,0.07,0.27,0.14,0.15250000000000002
1377,0.0222,0.0001,0.0038,0.3579,0.0,0.6057,0.86,0.85,0.26,0.2569000000000001
2765,0.2982,0.0,0.005,0.0268,0.0,0.67,0.88,0.93,0.17,0.19089999999999993
602,0.0689,0.0043,0.0077,0.1903,0.0009,0.7025,0.78,0.68,0.26,0.2217000000000001
188,0.028,0.0008,0.0247,0.0112,0.0,0.9144,0.01,0.07,0.13,0.15300000000000005
945,0.0088,0.0028,0.0023,0.0115,0.0004,0.9643,0.45,0.55,0.2,0.2027
1251,0.0469,0.0028,0.0015,0.2475,0.0003,0.6892,0.81,0.85,0.26,0.23100000000000023
2050,0.3891,0.1207,0.0118,0.0207,0.0013,0.4349,0.48,0.36,0.14,0.21000000000000005
1113,0.0011,0.0015,0.0001,0.0011,0.0002,0.9902,0.8,0.35,0.19,0.2211000000000001
270,0.1254,0.0023,0.0027,0.2088,0.0009,0.6414,0.9,0.86,0.22,0.23129999999999998
2967,0.0367,0.0191,0.0165,0.0057,0.0005,0.8838,0.24,0.22,0.12,0.1888
251,0.0524,0.1389,0.0407,0.0038,0.0063,0.6931,0.27,0.65,0.21,0.2105000000000002
368,0.2497,0.0139,0.0151,0.0074,0.0002,0.6834,0.96,0.83,0.14,0.1956000000000002
387,0.0942,0.0091,0.0034,0.004,0.0021,0.8694,0.14,0.18,0.16,0.18380000000000002
3027,0.1822,0.0159,0.0092,0.0107,0.0005,0.7722,0.5,0.61,0.32,0.17680000000000004
869,0.0698,0.0007,0.0035,0.0082,0.0,0.8983,0.34,0.38,0.19,0.187
1690,0.0487,0.0019,0.0006,0.0273,0.0,0.9162,0.51,0.83,0.15,0.2376999999999999
2482,0.0081,0.0014,0.005,0.0086,0.0,0.9735,0.12,0.07,0.18,0.1906999999999999
2175,0.071,0.0016,0.0167,0.1879,0.0003,0.6863,0.69,0.21,0.22,0.18319999999999997
246,0.0206,0.003,0.0003,0.0067,0.0,0.9534,0.65,0.65,0.22,0.20840000000000003
1236,0.0255,0.002,0.0042,0.0729,0.0003,0.8657,0.71,0.16,0.2,0.21220000000000006
2981,0.0587,0.0029,0.0415,0.1464,0.0,0.7232,0.57,0.25,0.18,0.16200000000000006
2740,0.1129,0.0067,0.0064,0.0563,0.0004,0.7879,0.58,0.86,0.19,0.20150000000000007
2458,0.002,0.0108,0.0007,0.0,0.0,0.9811,0.01,0.21,0.21,0.22239999999999996
2899,0.0305,0.0006,0.0041,0.0592,0.0,0.8971,0.64,0.36,0.17,0.1986
2370,0.028,0.1598,0.0011,0.0268,0.0,0.6788,0.78,0.78,0.23,0.2325000000000001
2760,0.3063,0.0036,0.066,0.1365,0.0001,0.4721,0.51,0.69,0.16,0.15940000000000001
801,0.0328,0.004,0.0107,0.0509,0.0,0.8782,0.17,0.34,0.18,0.1659
443,0.1003,0.0218,0.0321,0.0113,0.0014,0.7979999999999999,0.7,0.57,0.13,0.18560000000000007
1764,0.0532,0.0233,0.0143,0.0087,0.0099,0.8611,0.43,0.67,0.17,0.18740000000000012
564,0.033,0.001,0.0015,0.2197,0.0,0.7327,0.68,0.75,0.23,0.2232
1964,0.0877,0.0018,0.0359,0.1448,0.0002,0.7057,0.52,0.2,0.14,0.15970000000000004
1909,0.0829,0.0,0.0,0.0,0.0,0.9171,0.04,0.36,0.18,0.21950000000000003
2510,0.0377,0.0083,0.0003,0.4084,0.0037,0.5398,0.56,0.8,0.19,0.23290000000000002
2722,0.5472,0.0012,0.0104,0.0641,0.0,0.3584,0.84,0.97,0.17,0.17360000000000003
2704,0.9218,0.0006,0.0094,0.0042,0.0001,0.0614,0.98,0.99,0.17,0.17250000000000004
864,0.0096,0.0013,0.0,0.0879,0.0,0.8868,0.57,0.43,0.17,0.20540000000000003
175,0.0496,0.0,0.0277,0.311,0.0,0.594,0.86,0.5,0.18,0.19990000000000013
555,0.109,0.0015,0.0366,0.117,0.0001,0.7134,0.42,0.68,0.23,0.2170999999999999
2689,0.3101,0.0,0.0054,0.0804,0.0,0.5846,0.75,0.92,0.19,0.18119999999999997
1554,0.0309,0.0006,0.0025,0.1276,0.0,0.8181,0.71,0.78,0.27,0.24390000000000003
1600,0.0247,0.0479,0.0052,0.0046,0.0003,0.8883,0.59,0.63,0.13,0.1968000000000002
1602,0.0653,0.0038,0.0109,0.0511,0.0029,0.8327,0.72,0.7,0.17,0.20740000000000008
940,0.0642,0.0014,0.0,0.0024,0.0,0.9295,0.34,0.64,0.19,0.19759999999999994
1627,0.016,0.0036,0.0003,0.0715,0.0003,0.9002,0.55,0.62,0.27,0.20340000000000016
1937,0.0,0.0093,0.0,0.0,0.0,0.9504,0.0,0.16,0.18,0.2230999999999999
449,0.4189,0.0038,0.0087,0.0062,0.0007,0.5312,0.96,0.71,0.18,0.16330000000000008
1133,0.0317,0.0021,0.0009,0.0188,0.0,0.9302,0.27,0.52,0.19,0.19949999999999998
1518,0.0317,0.0018,0.0003,0.0262,0.0,0.9319,0.67,0.83,0.29,0.24599999999999997
3091,0.0108,0.0017,0.0077,0.0023,0.0011,0.9637,0.35,0.51,0.32,0.1986
2355,0.0191,0.001,0.0079,0.08800000000000001,0.0002,0.8548,0.62,0.3,0.23,0.17870000000000005
874,0.0153,0.0027,0.0035,0.0044,0.0,0.9559,0.05,0.24,0.18,0.1467999999999999
1135,0.0669,0.0014,0.0045,0.0408,0.003,0.8653,0.78,0.44,0.19,0.20550000000000013
1933,0.1158,0.0131,0.0239,0.3597,0.0026,0.4346,0.86,0.72,0.22,0.2370000000000001
2293,0.009000000000000001,0.0015,0.0044,0.0049,0.0001,0.9637,0.17,0.18,0.22,0.1721
817,0.1703,0.0099,0.0037,0.0019,0.0,0.7893,0.85,0.67,0.22,0.2079
1017,0.0201,0.0028,0.0089,0.0045,0.0,0.957,0.09,0.0,0.18,0.16469999999999996
507,0.3205,0.0041,0.0021,0.0365,0.0,0.6337,0.9,0.82,0.19,0.20040000000000005
2022,0.0797,0.0041,0.0493,0.3353,0.0005,0.5035,0.64,0.59,0.18,0.20070000000000018
266,0.0262,0.0018,0.004,0.2655,0.001,0.6917,0.55,0.65,0.23,0.21280000000000004
196,0.0691,0.0012,0.0209,0.4658,0.0001,0.408,0.77,0.4,0.17,0.18059999999999998
1213,0.0567,0.0013,0.0212,0.1123,0.0031,0.7602,0.57,0.08,0.21,0.17460000000000003
88,0.057,0.0021,0.0015,0.0036,0.0,0.9219,0.12,0.08,0.18,0.1990999999999999
969,0.0249,0.0001,0.002,0.0009,0.0,0.9694,0.05,0.0,0.19,0.20729999999999996
1316,0.0061,0.0004,0.0004,0.4319,0.0,0.5431,0.94,0.94,0.25,0.2681
1650,0.0248,0.0032,0.0028,0.0191,0.0002,0.9303,0.29,0.64,0.17,0.20709999999999998
1295,0.0228,0.0023,0.001,0.3012,0.0,0.6554,1.0,0.83,0.25,0.2429
979,0.044,0.0029,0.0031,0.004,0.0,0.9343,0.14,0.09,0.2,0.18289999999999995
1006,0.0195,0.0031,0.0036,0.0154,0.0,0.9424,0.16,0.0,0.19,0.18589999999999993
410,0.0064,0.003,0.0043,0.4298,0.0,0.5416,0.85,0.76,0.24,0.2298000000000001
1798,0.1181,0.0,0.0,0.0021,0.0,0.8761,0.3,0.26,0.18,0.20440000000000003
581,0.3164,0.0012,0.0507,0.1979,0.0006,0.4002,0.67,0.72,0.2,0.17920000000000008
1128,0.0196,0.0069,0.0015,0.2401,0.0,0.7082,0.87,0.49,0.19,0.19970000000000007
25,0.0014,0.0,0.0,0.4339,0.0,0.5618,0.81,0.98,0.27,0.2761999999999998
2083,0.0558,0.0014,0.0018,0.0034,0.0,0.92,0.42,0.59,0.19,0.20309999999999997
1011,0.0264,0.0005,0.0031,0.0064,0.0042,0.9434,0.12,0.0,0.19,0.1934
1941,0.7774,0.0103,0.0097,0.0093,0.0,0.1783,0.99,0.64,0.12,0.14490000000000008
903,0.0054,0.0002,0.0028,0.0084,0.0004,0.9614,0.33,0.51,0.2,0.19130000000000003
2779,0.1236,0.0057,0.0077,0.0042,0.0062,0.8313,0.31,0.51,0.16,0.18350000000000005
1953,0.0398,0.0033,0.0042,0.0553,0.0002,0.8721,0.12,0.41,0.18,0.16869999999999996
321,0.0284,0.0058,0.0047,0.1608,0.0009,0.782,0.43,0.53,0.22,0.1987
1073,0.0345,0.0021,0.0801,0.0222,0.0,0.8384,0.21,0.05,0.19,0.13340000000000007
680,0.1148,0.0022,0.0019,0.2917,0.0002,0.5766,0.91,0.95,0.27,0.26170000000000004
1739,0.0128,0.0102,0.0103,0.003,0.0,0.9546,0.51,0.93,0.15,0.18780000000000002
423,0.3236,0.0129,0.0084,0.0012,0.0004,0.6384,0.45,0.31,0.16,0.22610000000000013
1411,0.0226,0.0093,0.0075,0.0073,0.0001,0.938,0.45,0.41,0.2,0.1766
67,0.0164,0.0059,0.0015,0.005,0.0005,0.9551,0.67,0.69,0.19,0.19399999999999998
1729,0.0255,0.0069,0.0361,0.0222,0.0,0.8873,0.66,0.69,0.15,0.2234
1510,0.0211,0.0011,0.0071,0.4938,0.0002,0.4707,0.86,0.92,0.26,0.25549999999999995
1606,0.0204,0.0019,0.0001,0.4835,0.0006,0.4692,0.89,0.9,0.29,0.2498
31,0.0172,0.0044,0.0125,0.0079,0.0003,0.9424,0.09,0.13,0.11,0.17329999999999995
2671,0.2556,0.0,0.0,0.0407,0.0,0.6988,0.2,0.88,0.18,0.17879999999999993
527,0.0943,0.006,0.0014,0.3365,0.0,0.5471,0.99,0.99,0.26,0.27179999999999976
2360,0.0619,0.0348,0.0033,0.0816,0.0003,0.7765,0.3,0.49,0.21,0.20240000000000008
457,0.0046,0.0,0.009000000000000001,0.2815,0.0,0.6939,0.85,0.74,0.23,0.2280999999999999
1803,0.0216,0.0025,0.0209,0.0136,0.0001,0.9242,0.15,0.03,0.14,0.1557000000000001
1532,0.0855,0.0142,0.0068,0.0035,0.0,0.8787,0.2,0.56,0.12,0.20720000000000002
1993,0.0163,0.0023,0.0117,0.0142,0.0003,0.944,0.58,0.44,0.16,0.18450000000000005
2911,0.036000000000000004,0.0,0.0062,0.3927,0.0,0.5485,0.56,0.23,0.15,0.18250000000000008
2284,0.0887,0.0089,0.0266,0.0101,0.0024,0.8182,0.65,0.55,0.16,0.18030000000000007
2667,0.3985,0.0,0.0,0.0103,0.0,0.5837,0.36,0.89,0.18,0.17809999999999993
166,0.5207,0.0,0.0,0.0,0.0,0.4695,0.41,0.8,0.18,0.17889999999999995
124,0.0628,0.0097,0.0112,0.0045,0.0,0.8977,0.32,0.68,0.19,0.19340000000000004
2587,0.0302,0.0198,0.0,0.0,0.0,0.945,0.05,0.12,0.2,0.25000000000000006
3043,0.0401,0.0047,0.0273,0.0097,0.0,0.9053,0.16,0.12,0.17,0.15049999999999994
1286,0.0315,0.0072,0.0129,0.3142,0.0001,0.6122,0.91,0.62,0.25,0.21350000000000002
729,0.0047,0.0,0.006,0.6111,0.0,0.3749,0.89,0.91,0.26,0.2517999999999999
2636,0.0038,0.0073,0.0017,0.054000000000000006,0.002,0.92,0.56,0.88,0.26,0.19799999999999998
1593,0.0493,0.0024,0.0579,0.0599,0.0008,0.8007,0.26,0.13,0.09,0.1435000000000001
2398,0.0127,0.0006,0.0053,0.0069,0.0003,0.9608,0.32,0.16,0.17,0.17979999999999993
1100,0.0332,0.003,0.0084,0.0792,0.0,0.8540000000000001,0.43,0.1,0.19,0.1903000000000001
2727,0.124,0.0089,0.006999999999999999,0.0076,0.0006,0.8422,0.26,0.66,0.17,0.19060000000000005
1106,0.0341,0.0089,0.0,0.023,0.0033,0.9231,0.24,0.53,0.19,0.19799999999999998
1847,0.0179,0.0036,0.0046,0.0003,0.0,0.9556,0.13,0.17,0.17,0.21129999999999993
1376,0.0037,0.0006,0.0,0.3385,0.0004,0.6513,0.95,0.91,0.26,0.2568
937,0.0381,0.0051,0.0017,0.0011,0.0,0.9373,0.53,0.03,0.21,0.2237000000000001
2195,0.0167,0.0008,0.0053,0.0099,0.0004,0.9526,0.32,0.24,0.23,0.175
1902,0.0254,0.0,0.0022,0.0016,0.0003,0.955,0.08,0.26,0.18,0.18689999999999996
700,0.022,0.0009,0.0025,0.3974,0.0,0.5635,0.87,0.84,0.26,0.2542
176,0.0294,0.0025,0.0058,0.1472,0.0,0.7804,0.33,0.21,0.15,0.17180000000000004
1340,0.093,0.012,0.0187,0.1435,0.0041,0.7006,0.74,0.9,0.25,0.2109
929,0.0783,0.0,0.0071,0.0065,0.0,0.9021,0.21,0.34,0.19,0.1796
2771,0.1858,0.0,0.0027,0.0119,0.0077,0.7912,0.56,0.71,0.17,0.18950000000000006
1422,0.0241,0.0021,0.0063,0.0048,0.0,0.9519,0.27,0.37,0.21,0.17419999999999994
1709,0.0143,0.0048,0.0034,0.0041,0.0,0.9591,0.09,0.49,0.15,0.17509999999999992
2460,0.0709,0.0007,0.006999999999999999,0.0129,0.0,0.8901,0.21,0.14,0.17,0.18260000000000004
2867,0.9389,0.0,0.0002,0.0033,0.0,0.0508,1.0,1.0,0.17,0.1770999999999999
433,0.2511,0.0337,0.0203,0.0072,0.0019,0.6519,0.88,0.69,0.14,0.17970000000000003
80,0.0263,0.0009,0.0049,0.0055,0.0,0.9468,0.05,0.17,0.18,0.16409999999999994
881,0.1536,0.0036,0.0128,0.0113,0.0002,0.7971,0.72,0.78,0.2,0.1984
1195,0.0075,0.004,0.0008,0.0149,0.0,0.9509,0.64,0.14,0.22,0.2223000000000001
3024,0.0213,0.0008,0.0345,0.0358,0.0,0.8793,0.41,0.17,0.18,0.17190000000000008
416,0.244,0.0015,0.2831,0.0218,0.0132,0.3924,0.26,0.4,0.08,0.09299999999999997
764,0.0306,0.0,0.0044,0.399,0.0123,0.5352,0.94,0.83,0.26,0.2527000000000001
495,0.1557,0.0054,0.0014,0.0099,0.0,0.8032,0.55,0.55,0.17,0.20010000000000003
2958,0.6358,0.0037,0.006999999999999999,0.0042,0.0021,0.3382,0.96,0.86,0.13,0.1725
1825,0.0475,0.0065,0.0,0.0,0.0,0.9439,0.11,0.36,0.18,0.22379999999999994
1457,0.0419,0.0021,0.0276,0.0175,0.0001,0.8883,0.01,0.28,0.09,0.15460000000000002
370,0.0572,0.0102,0.012,0.001,0.0059,0.8933,0.65,0.74,0.2,0.20440000000000008
1151,0.0671,0.0077,0.0121,0.0,0.0026,0.9105,0.03,0.27,0.19,0.22210000000000002
2685,0.1834,0.0036,0.0055,0.0161,0.0,0.7783,0.62,0.89,0.19,0.1839
2023,0.3836,0.3903,0.0015,0.0088,0.0003,0.1931,1.0,0.71,0.26,0.1889
2656,0.2108,0.0007,0.0088,0.0185,0.002,0.7456,0.63,0.87,0.17,0.18669999999999998
1511,0.0379,0.0164,0.0116,0.0101,0.0,0.9066,0.3,0.27,0.12,0.17359999999999995
2795,0.1153,0.003,0.0024,0.0021,0.0,0.8544,0.69,0.72,0.18,0.21860000000000002
2189,0.0312,0.0019,0.0082,0.1184,0.0,0.8071,0.58,0.16,0.24,0.1886000000000001
2949,0.0942,0.0262,0.041,0.0093,0.0027,0.7892,0.45,0.46,0.12,0.1629
1241,0.0121,0.0072,0.0038,0.0081,0.0015,0.9577,0.83,0.38,0.23,0.20740000000000003
1078,0.0488,0.0018,0.0259,0.0223,0.0005,0.8804,0.31,0.04,0.21,0.15189999999999998
141,0.4167,0.0014,0.0,0.0,0.0,0.5484,0.59,0.97,0.18,0.18039999999999995
2110,0.0314,0.019,0.0,0.0,0.0,0.9019,0.09,0.15,0.31,0.24960000000000027
1723,0.0295,0.003,0.0057,0.0069,0.0,0.9334,0.15,0.45,0.15,0.18469999999999992
1456,0.0275,0.0039,0.023,0.0133,0.0005,0.9148,0.16,0.16,0.19,0.16690000000000002
1725,0.0153,0.0005,0.0015,0.0054,0.0,0.964,0.22,0.48,0.16,0.18019999999999992
1047,0.03,0.0015,0.0111,0.0477,0.0,0.8813,0.71,0.71,0.2,0.23629999999999993
532,0.0399,0.0033,0.0127,0.2776,0.0026,0.6348,0.81,0.76,0.25,0.24539999999999998
621,0.0412,0.005,0.0028,0.3435,0.0,0.5961,0.57,0.8,0.25,0.23150000000000007
962,0.0978,0.0723,0.0046,0.0092,0.0,0.8075,0.33,0.1,0.21,0.2213000000000001
944,0.0165,0.0,0.0011,0.0163,0.0,0.9569,0.26,0.67,0.2,0.18819999999999992
3081,0.0303,0.0026,0.003,0.0073,0.0,0.9445,0.06,0.14,0.17,0.1815
411,0.206,0.03,0.0107,0.0207,0.0007,0.705,0.92,0.82,0.14,0.1990000000000001
1360,0.0275,0.0033,0.0008,0.0276,0.0013,0.9278,0.8,0.09,0.22,0.21289999999999984
177,0.1362,0.0022,0.1846,0.0726,0.0008,0.5611,0.09,0.05,0.1,0.09489999999999987
926,0.0203,0.0021,0.0064,0.0362,0.0,0.9117,0.74,0.43,0.18,0.21020000000000022
3020,0.0515,0.0046,0.0124,0.014,0.0003,0.8961,0.2,0.07,0.16,0.17679999999999998
1572,0.0011,0.0011,0.0,0.7457,0.0,0.2507,0.97,0.96,0.3,0.2822
1813,0.2444,0.0136,0.0522,0.0215,0.006,0.6308,0.53,0.69,0.17,0.15840000000000015
2912,0.0296,0.0057,0.0009,0.3537,0.0001,0.6001,0.78,0.44,0.18,0.1913
637,0.0694,0.0004,0.0001,0.4908,0.0,0.4259,0.95,0.96,0.24,0.2657999999999999
479,0.2959,0.002,0.0065,0.0112,0.0006,0.672,0.14,0.19,0.14,0.16750000000000004
183,0.1718,0.0,0.1717,0.0492,0.0,0.5622,0.24,0.02,0.1,0.10599999999999993
1359,0.0188,0.001,0.0016,0.3158,0.0,0.6612,0.78,0.84,0.27,0.2559000000000001
2841,0.0369,0.0014,0.0035,0.0302,0.0,0.8918,0.25,0.54,0.17,0.20519999999999997
2057,0.0274,0.0031,0.006,0.0279,0.0001,0.9232,0.4,0.18,0.14,0.17870000000000008
3038,0.0316,0.0016,0.013,0.0131,0.0003,0.9286,0.01,0.06,0.14,0.1531
790,0.028,0.0005,0.0033,0.0057,0.0,0.9501,0.23,0.61,0.21,0.18789999999999993
2384,0.0752,0.0003,0.028,0.0258,0.0004,0.852,0.53,0.11,0.17,0.1401
932,0.0314,0.003,0.0069,0.0275,0.0,0.9114,0.26,0.06,0.2,0.18890000000000004
1023,0.016,0.0,0.0043,0.0031,0.0001,0.9651,0.16,0.07,0.2,0.1877000000000001
1618,0.0337,0.002,0.0208,0.0642,0.0,0.8602,0.39,0.27,0.12,0.17230000000000004
486,0.1066,0.0095,0.0,0.0007,0.0,0.8757,0.05,0.78,0.11,0.21200000000000022
1576,0.0499,0.0001,0.0029,0.0207,0.0061,0.9118,0.32,0.39,0.11,0.20069999999999993
393,0.171,0.0035,0.0275,0.0599,0.0035,0.691,0.39,0.18,0.17,0.169
2044,0.0481,0.0066,0.0058,0.0968,0.0001,0.8191,0.36,0.27,0.15,0.18199999999999986
1255,0.0148,0.0044,0.0046,0.005,0.0,0.9517,0.22,0.31,0.13,0.1556999999999999
2106,0.1535,0.003,0.0144,0.1759,0.0,0.6327,0.87,0.85,0.17,0.21400000000000002
162,0.0728,0.0032,0.0008,0.1675,0.0,0.7339,0.56,0.99,0.19,0.22490000000000013
1832,0.034,0.0045,0.0,0.0048,0.0,0.9475,0.15,0.19,0.18,0.18940000000000004
1356,0.0374,0.0045,0.0044,0.1236,0.0001,0.8024,0.65,0.82,0.24,0.23150000000000015
2820,0.0004,0.0,0.0,0.001,0.0,0.9863,0.07,0.15,0.14,0.214
430,0.0304,0.0009,0.0005,0.0457,0.0,0.8681,0.83,0.71,0.24,0.22940000000000005
1102,0.0573,0.0024,0.0113,0.0108,0.0033,0.8941,0.16,0.37,0.19,0.1516
438,0.1896,0.0274,0.0139,0.0848,0.008,0.6543,0.6,0.7,0.15,0.19630000000000003
2854,0.0456,0.0022,0.0007,0.0564,0.0029,0.8553,0.53,0.93,0.21,0.21160000000000004
2885,0.0241,0.0067,0.0051,0.1791,0.0006,0.7469,0.47,0.42,0.15,0.18620000000000003
1003,0.0549,0.0078,0.0162,0.008,0.0,0.8947,0.28,0.64,0.2,0.18970000000000004
1220,0.0337,0.0008,0.018000000000000002,0.0931,0.0007,0.8157,0.55,0.15,0.19,0.16940000000000016
1074,0.0206,0.0,0.0055,0.0055,0.0,0.9599,0.05,0.01,0.21,0.18300000000000008
1237,0.0167,0.0051,0.0034,0.4329,0.0,0.5336,0.82,0.58,0.24,0.19499999999999995
30,0.0236,0.0512,0.0046,0.0042,0.0003,0.8944,0.64,0.5,0.14,0.18209999999999993
2928,0.2169,0.0061,0.0249,0.0142,0.0007,0.7042,0.51,0.37,0.12,0.1684
755,0.2839,0.0015,0.0178,0.0708,0.0001,0.6082,0.66,0.63,0.22,0.18419999999999997
3110,0.0191,0.0045,0.0001,0.0064,0.0013,0.9472,0.35,0.21,0.17,0.1824
1211,0.6123,0.0055,0.0265,0.0451,0.0,0.3009,0.91,0.79,0.2,0.168
173,0.0265,0.0081,0.012,0.1607,0.0,0.7677,0.04,0.06,0.14,0.1834
3109,0.0175,0.0054,0.0032,0.0074,0.0004,0.9526,0.3,0.12,0.16,0.19180000000000008
296,0.0293,0.0112,0.0045,0.0342,0.0011,0.8925,0.57,0.61,0.24,0.20170000000000002
325,0.0031,0.0218,0.0258,0.0116,0.0,0.8424,0.1,0.61,0.21,0.21119999999999997
1288,0.0663,0.0047,0.0187,0.2261,0.0001,0.6674,0.59,0.71,0.24,0.23399999999999996
506,0.1258,0.032,0.016,0.0157,0.0029,0.7609999999999999,0.72,0.68,0.15,0.1912000000000001
279,0.0371,0.7091,0.0135,0.0159,0.0006,0.154,0.87,0.83,0.26,0.26080000000000036
2003,0.3035,0.0205,0.0075,0.004,0.0,0.6469,0.91,0.62,0.14,0.1742
2174,0.0873,0.003,0.0043,0.0039,0.0004,0.89,0.18,0.06,0.21,0.18299999999999997
2837,0.0635,0.006999999999999999,0.0067,0.0002,0.0027,0.9105,0.26,0.52,0.17,0.22699999999999998
572,0.2792,0.0017,0.0129,0.0668,0.0,0.6283,0.46,0.46,0.16,0.16949999999999996
2319,0.157,0.0523,0.0081,0.0261,0.0,0.7096,0.63,0.67,0.23,0.20870000000000016
1432,0.0139,0.0047,0.0057,0.0058,0.0,0.9554,0.28,0.33,0.19,0.17249999999999996
2597,0.032,0.1185,0.0002,0.0014,0.0,0.8222,0.41,0.11,0.29,0.23079999999999995
557,0.1238,0.0011,0.013,0.0882,0.0004,0.7529,0.4,0.51,0.19,0.19520000000000004
1569,0.0214,0.0056,0.0076,0.0555,0.0007,0.8856,0.82,0.75,0.18,0.21869999999999998
1545,0.0082,0.0,0.001,0.4632,0.0,0.5266,0.86,0.98,0.27,0.27869999999999967
736,0.0484,0.0022,0.0082,0.0204,0.0014,0.9056,0.43,0.65,0.21,0.20130000000000015
73,0.0132,0.0118,0.0015,0.0024,0.0003,0.9586,0.37,0.38,0.19,0.18899999999999997
2807,0.6096,0.0095,0.0,0.0225,0.0,0.3512,0.65,0.99,0.18,0.17629999999999996
48,0.0539,0.005,0.023,0.0658,0.0003,0.8284,0.31,0.26,0.17,0.1773
601,0.063,0.0021,0.0106,0.1779,0.0,0.7227,0.86,0.74,0.26,0.22340000000000007
679,0.0459,0.0008,0.0094,0.0931,0.0,0.8346,0.85,0.74,0.24,0.2281
1450,0.0524,0.0044,0.0241,0.1037,0.0001,0.7752,0.72,0.32,0.2,0.1849
1896,0.0461,0.0048,0.0016,0.0016,0.0,0.9426,0.01,0.15,0.17,0.21019999999999997
1357,0.03,0.0039,0.01,0.2905,0.0,0.6432,0.78,0.76,0.25,0.2361
2171,0.0294,0.0995,0.0085,0.001,0.0,0.8303,0.35,0.27,0.29,0.20829999999999999
1326,0.0123,0.0186,0.0045,0.0094,0.0001,0.9412,0.59,0.51,0.14,0.18350000000000002
1575,0.0434,0.3836,0.0035,0.0053,0.002,0.4536,0.87,0.86,0.14,0.2511999999999999
402,0.1251,0.3022,0.0096,0.0087,0.0,0.5303,0.73,0.9,0.12,0.2257
1741,0.0176,0.0064,0.0025,0.0041,0.0,0.9431,0.63,0.86,0.15,0.17739999999999997
1114,0.3641,0.0039,0.0032,0.0077,0.0,0.6056,0.67,0.84,0.2,0.18230000000000002
1552,0.0382,0.0056,0.0057,0.0802,0.0,0.8469,0.59,0.88,0.27,0.2180000000000001
2424,0.0275,0.0012,0.0112,0.0171,0.0003,0.9321,0.28,0.16,0.17,0.16660000000000003
1210,0.0501,0.0011,0.0043,0.002,0.0,0.9157,0.24,0.52,0.19,0.1981
2567,0.0208,0.0015,0.0079,0.0685,0.0,0.897,0.76,0.94,0.27,0.25229999999999986
2446,0.0202,0.0047,0.002,0.3698,0.0,0.5866,0.74,0.81,0.2,0.23930000000000018
794,0.0267,0.0014,0.0115,0.0834,0.0001,0.8555,0.81,0.29,0.18,0.19650000000000006
2930,0.068,0.0007,0.0026,0.6284,0.0,0.2446,0.96,0.59,0.18,0.2085
2348,0.0516,0.0093,0.0098,0.0045,0.0017,0.8852,0.4,0.58,0.17,0.18960000000000019
2138,0.033,0.0009,0.0264,0.2539,0.0006,0.6521,0.54,0.09,0.19,0.17570000000000013
1010,0.0126,0.001,0.0044,0.0039,0.0,0.9641,0.03,0.57,0.18,0.2033
1672,0.0373,0.0076,0.0135,0.0039,0.0001,0.9161,0.04,0.14,0.22,0.15159999999999996
678,0.1304,0.0036,0.0091,0.0044,0.0011,0.8303,0.36,0.19,0.25,0.18109999999999996
2922,0.5309,0.0032,0.0203,0.0184,0.0015,0.4037,0.87,0.63,0.13,0.15669999999999998
324,0.0041,0.0006,0.0013,0.4255,0.0,0.5638,0.87,0.83,0.23,0.2576
2025,0.5603,0.0023,0.0359,0.2923,0.0003,0.0914,0.99,0.51,0.16,0.17430000000000007
1097,0.1618,0.0099,0.0296,0.1768,0.0103,0.5660000000000001,0.66,0.49,0.22,0.2078000000000001
1807,0.1579,0.0165,0.0,0.0258,0.0,0.7988,0.64,0.98,0.21,0.2016000000000001
809,0.0248,0.0009,0.0143,0.0686,0.0008,0.868,0.57,0.59,0.19,0.20430000000000004
1966,0.1599,0.0023,0.0163,0.07400000000000001,0.0,0.7151,0.79,0.4,0.14,0.1742
642,0.0619,0.0008,0.0304,0.0494,0.0,0.8390000000000001,0.12,0.0,0.1,0.13390000000000016
2204,0.0204,0.001,0.006999999999999999,0.0584,0.0001,0.8849,0.34,0.12,0.24,0.19000000000000003
1127,0.0616,0.0077,0.0128,0.0319,0.0,0.8572,0.4,0.49,0.19,0.19090000000000004
501,0.0895,0.0144,0.0114,0.0076,0.0046,0.8314,0.27,0.54,0.15,0.18760000000000018
691,0.0651,0.0,0.0,0.2513,0.0,0.6799,0.82,0.71,0.24,0.21710000000000002
2117,0.0421,0.0012,0.0179,0.1119,0.0,0.8082,0.63,0.53,0.18,0.20170000000000005
2607,0.0289,0.0026,0.004,0.0214,0.0,0.9305,0.54,0.57,0.25,0.20910000000000006
239,0.0079,0.0066,0.0126,0.2313,0.0007,0.7098,0.69,0.84,0.23,0.23330000000000006
2599,0.022,0.1041,0.0,0.0504,0.0,0.7905,0.39,0.27,0.21,0.2217
1987,0.1509,0.0044,0.0008,0.3466,0.0003,0.4676,0.99,0.86,0.2,0.2124000000000001
1242,0.0244,0.0041,0.0067,0.0983,0.0,0.8517,0.29,0.27,0.22,0.18209999999999993
2018,0.0441,0.0012,0.0078,0.0272,0.0012,0.8993,0.34,0.26,0.15,0.18169999999999997
2832,0.6374,0.0025,0.02,0.0362,0.0006,0.2947,0.84,0.89,0.16,0.17309999999999998
1462,0.0441,0.0009,0.0141,0.0638,0.0001,0.8512,0.29,0.16,0.14,0.1566000000000001
2268,0.0992,0.0025,0.0031,0.0295,0.0002,0.8439,0.4,0.08,0.2,0.18280000000000002
2307,0.0379,0.2035,0.0092,0.0109,0.0,0.6473,0.89,0.86,0.23,0.23670000000000008
1233,0.0671,0.0,0.0041,0.0451,0.0,0.8621,0.2,0.01,0.19,0.1607
1053,0.0158,0.0021,0.0115,0.0088,0.0005,0.9505,0.03,0.0,0.2,0.1573
511,0.1026,0.0114,0.0013,0.0047,0.0,0.8465,0.34,0.27,0.17,0.19229999999999994
2447,0.0367,0.0025,0.0195,0.0677,0.0002,0.857,0.6,0.55,0.19,0.20799999999999996
1366,0.0025,0.0,0.0,0.0031,0.0,0.9789,0.67,0.42,0.23,0.21339999999999995
839,0.0144,0.0013,0.0029,0.0086,0.0005,0.96,0.07,0.13,0.18,0.16849999999999996
2641,0.0125,0.0098,0.0019,0.0072,0.0,0.8689,0.87,0.96,0.27,0.21800000000000005
942,0.0225,0.0006,0.0065,0.0152,0.0,0.9501,0.01,0.01,0.2,0.17290000000000005
2448,0.1109,0.0022,0.0127,0.1751,0.0007,0.6792,0.4,0.28,0.15,0.16490000000000005
1044,0.1029,0.0013,0.0065,0.0048,0.0002,0.8706,0.47,0.79,0.21,0.1984
3026,0.0208,0.002,0.0023,0.0025,0.0,0.9587,0.2,0.35,0.17,0.1727999999999999
682,0.0074,0.0,0.0734,0.519,0.0017,0.3705,0.94,0.9,0.24,0.22190000000000004
1717,0.0517,0.3686,0.0104,0.0017,0.0,0.5483,0.61,0.59,0.26,0.23259999999999992
598,0.0353,0.0001,0.0033,0.2874,0.0,0.6474,0.92,0.91,0.26,0.2622000000000001
867,0.0129,0.0019,0.0036,0.0118,0.0,0.9585,0.35,0.41,0.17,0.17329999999999995
565,0.0545,0.0,0.0035,0.1378,0.0036,0.7711,0.81,0.77,0.25,0.24529999999999996
2594,0.0625,0.0034,0.0125,0.0216,0.0,0.8842,0.62,0.69,0.25,0.21280000000000007
108,0.5886,0.0042,0.0052,0.0683,0.0001,0.3138,0.97,0.99,0.18,0.17670000000000002
2164,0.0438,0.0009,0.0123,0.0414,0.0001,0.8823,0.13,0.06,0.2,0.15570000000000006
1580,0.0264,0.0026,0.0098,0.2938,0.0001,0.6545,0.8,0.68,0.27,0.22010000000000013
318,0.0101,0.0007,0.0,0.3361,0.0,0.648,0.53,0.71,0.23,0.21549999999999997
1253,0.0562,0.0048,0.0151,0.1196,0.0001,0.7856,0.31,0.28,0.2,0.16829999999999998
1378,0.0427,0.0026,0.0075,0.2938,0.0,0.6323,0.89,0.64,0.25,0.2097
1093,0.0138,0.0043,0.0006,0.0115,0.0,0.9522,0.61,0.44,0.21,0.19080000000000014
3063,0.0845,0.0098,0.0058,0.0108,0.0017,0.8669,0.3,0.44,0.32,0.19390000000000002
567,0.2238,0.0008,0.0265,0.182,0.0002,0.5457,0.56,0.52,0.18,0.18860000000000002
1815,0.0313,0.014,0.0033,0.0,0.0,0.9337,0.54,0.57,0.27,0.2325000000000001
2113,0.0107,0.0141,0.0003,0.0,0.0034,0.9521,0.02,0.12,0.29,0.24559999999999987
582,0.197,0.0012,0.0528,0.1062,0.0004,0.6174,0.45,0.04,0.09,0.11710000000000001
1477,0.0177,0.1586,0.0069,0.0324,0.0016,0.7313,0.65,0.58,0.21,0.20080000000000026
807,0.0168,0.0022,0.0043,0.0073,0.0007,0.9585,0.61,0.69,0.18,0.19710000000000008
2652,0.9472,0.0,0.0,0.0,0.0,0.0528,0.73,0.99,0.17,0.17560000000000003
1222,0.047,0.0,0.0038,0.0019,0.0,0.9155,0.14,0.45,0.19,0.20019999999999993
3096,0.0158,0.0011,0.0045,0.0031,0.0004,0.9625,0.38,0.34,0.18,0.18530000000000016
812,0.0326,0.0018,0.0104,0.0854,0.0001,0.8507,0.3,0.2,0.16,0.17020000000000007
56,0.0344,0.0032,0.0103,0.1954,0.0001,0.7244,0.66,0.4,0.22,0.18820000000000003
1784,0.0256,0.0105,0.0005,0.0038,0.0,0.9266,0.05,0.11,0.22,0.21370000000000006
2119,0.0277,0.0062,0.005,0.0054,0.0,0.9492,0.11,0.11,0.27,0.1807999999999999
2124,0.031,0.0279,0.0,0.0039,0.0004,0.9097,0.06,0.07,0.31,0.24969999999999992
2877,0.0168,0.0016,0.0087,0.0071,0.0004,0.9465,0.13,0.09,0.07,0.14340000000000003
2046,0.5121,0.0253,0.0121,0.0089,0.0007,0.4278,0.53,0.3,0.12,0.1855
2104,0.0701,0.0069,0.0087,0.0155,0.0,0.8904,0.35,0.55,0.18,0.2095
2266,0.0683,0.4292,0.008,0.0014,0.0022,0.3989,0.9,0.99,0.26,0.25469999999999987
535,0.047,0.0123,0.0024,0.156,0.0,0.7625,0.83,0.91,0.25,0.22950000000000004
2091,0.0442,0.0045,0.0042,0.0952,0.0002,0.8329,0.76,0.74,0.18,0.2176000000000001
554,0.1362,0.0023,0.0137,0.053,0.0007,0.7826,0.4,0.43,0.16,0.17059999999999992
1330,0.0388,0.0625,0.0036,0.1595,0.0003,0.6758,0.83,0.94,0.25,0.23120000000000007
2203,0.1014,0.0025,0.0693,0.1986,0.0004,0.6003,0.28,0.26,0.14,0.1393000000000001
2672,0.1108,0.0023,0.0038,0.2491,0.0,0.6183,0.91,0.97,0.2,0.2567000000000001
1221,0.1128,0.0046,0.0225,0.0278,0.0003,0.8017,0.42,0.38,0.19,0.16280000000000006
69,0.0229,0.0063,0.008,0.0295,0.0002,0.9121,0.6,0.55,0.22,0.20720000000000005
2756,0.017,0.0015,0.0067,0.0296,0.0,0.9288,0.04,0.05,0.14,0.16869999999999996
1735,0.0196,0.0025,0.0081,0.0094,0.0001,0.9441,0.19,0.48,0.15,0.1697999999999999
436,0.5976,0.0031,0.0291,0.0075,0.0006,0.3429,0.52,0.64,0.13,0.144
2154,0.0995,0.0027,0.0116,0.0787,0.0002,0.7821,0.51,0.2,0.21,0.1671
1623,0.0159,0.005,0.0032,0.5402,0.0,0.4338,0.99,0.9,0.27,0.2443
2754,0.3433,0.0,0.0108,0.047,0.0,0.5822,0.8,0.93,0.18,0.1857
3141,0.0177,0.0096,0.006,0.0083,0.0085,0.9407,0.16,0.2,0.17,0.17539999999999994
313,0.8346,0.0022,0.0083,0.0024,0.0,0.1485,0.93,0.98,0.18,0.1715
233,0.1455,0.0107,0.0012,0.0143,0.0021,0.8044,0.8,0.8,0.24,0.2003999999999999
1509,0.0122,0.0,0.0022,0.7202,0.0,0.2603,0.95,0.99,0.29,0.2856000000000001
1442,0.078,0.0029,0.0673,0.1111,0.0002,0.6962,0.57,0.31,0.19,0.14290000000000003
772,0.0342,0.0027,0.0,0.0004,0.001,0.9328,0.3,0.5,0.24,0.22429999999999997
111,0.1938,0.0012,0.0144,0.0003,0.0037,0.7699,0.28,0.68,0.15,0.19970000000000002
2321,0.0978,0.016,0.0007,0.0127,0.0,0.8338,0.4,0.7,0.2,0.19580000000000006
2716,0.1276,0.0077,0.0065,0.0635,0.0003,0.7818,0.72,0.9,0.2,0.2004
2916,0.0459,0.0013,0.0112,0.0423,0.0,0.8677,0.26,0.39,0.17,0.1668
1502,0.0343,0.0028,0.0443,0.0897,0.0007,0.7888,0.29,0.49,0.14,0.17539999999999994
1225,0.0468,0.0088,0.0053,0.0136,0.0,0.9083,0.33,0.52,0.19,0.19529999999999995
472,0.2394,0.0,0.0051,0.0012,0.0,0.7408,0.3,0.3,0.19,0.20370000000000002
685,0.0572,0.0016,0.002,0.2439,0.0,0.6861,0.87,0.92,0.28,0.23770000000000013
1610,0.0025,0.0001,0.0055,0.3664,0.0,0.6159,0.91,0.9,0.26,0.2624999999999999
1752,0.0189,0.0034,0.0025,0.0053,0.0015,0.95,0.9,0.86,0.18,0.20239999999999994
2097,0.0205,0.012,0.0102,0.0223,0.0007,0.9252,0.12,0.1,0.29,0.23699999999999985
1766,0.0439,0.004,0.0168,0.0428,0.0029,0.8576,0.35,0.7,0.16,0.20110000000000003
599,0.3632,0.0161,0.0,0.005,0.0,0.5859,0.81,0.68,0.18,0.18299999999999997
2946,0.0446,0.0037,0.0137,0.5224,0.0028,0.3766,0.8,0.34,0.18,0.18030000000000013
1313,0.0418,0.0013,0.0318,0.4595,0.0005,0.4463,0.67,0.43,0.21,0.1953999999999999
1075,0.0162,0.0074,0.0,0.0058,0.0,0.9449,0.58,0.93,0.2,0.18669999999999995
1298,0.0113,0.0,0.0031,0.0016,0.0,0.9713,0.58,0.36,0.22,0.2085
361,0.0243,0.0117,0.0067,0.0039,0.0,0.9467,0.21,0.38,0.22,0.1884
135,0.3543,0.0036,0.0213,0.066,0.0007,0.5347,0.75,0.74,0.17,0.1815
1429,0.1211,0.0021,0.0098,0.0533,0.0,0.8,0.41,0.22,0.12,0.1679
2985,0.033,0.0081,0.0112,0.1198,0.0,0.7895,0.01,0.12,0.14,0.16570000000000007
2318,0.0193,0.0,0.0056,0.0082,0.0058,0.9538,0.05,0.06,0.21,0.18270000000000003
2372,0.0746,0.0015,0.0149,0.0537,0.0004,0.8342,0.33,0.1,0.16,0.15739999999999998
366,0.1387,0.0028,0.0471,0.0084,0.0006,0.7757,0.17,0.11,0.13,0.11859999999999998
1860,0.1468,0.0155,0.0163,0.0186,0.0053,0.763,0.73,0.92,0.21,0.19009999999999994
29,0.0287,0.0012,0.0,0.3895,0.0006,0.5670000000000001,0.79,0.9,0.23,0.25749999999999995
2624,0.0432,0.0,0.0005,0.5079,0.0003,0.44,0.87,0.88,0.27,0.2373
22,0.0325,0.0043,0.0058,0.0146,0.0,0.923,0.24,0.61,0.21,0.20909999999999995
2090,0.0377,0.0507,0.005,0.5008,0.0017,0.3834,0.89,0.87,0.19,0.2114
2662,0.2244,0.0015,0.0113,0.0726,0.0,0.6697,0.41,0.79,0.2,0.18189999999999984
2947,0.0175,0.0,0.0013,0.0215,0.0017,0.9493,0.27,0.28,0.16,0.18140000000000003
420,0.1206,0.004,0.015,0.0069,0.0004,0.8094,0.23,0.62,0.12,0.1831000000000001
1910,0.0307,0.02,0.0078,0.0048,0.0,0.9293,0.25,0.21,0.18,0.1902000000000001
460,0.3804,0.0039,0.0058,0.0079,0.0,0.5889,0.94,0.56,0.18,0.15910000000000005
43,0.0202,0.0127,0.0036,0.0041,0.0,0.9464,0.51,0.44,0.2,0.18529999999999996
87,0.0554,0.0,0.0049,0.0146,0.0,0.9181,0.06,0.21,0.18,0.18109999999999998
2480,0.0488,0.0013,0.0046,0.2398,0.0007,0.6786,0.92,0.69,0.19,0.21460000000000012
612,0.0728,0.0028,0.0129,0.0535,0.0007,0.8391,0.49,0.52,0.18,0.19950000000000007
1419,0.0396,0.0286,0.0176,0.0264,0.0001,0.8538,0.6,0.69,0.23,0.21499999999999989
1436,0.0416,0.0029,0.0064,0.0659,0.0006,0.8518,0.03,0.01,0.06,0.15130000000000007
282,0.0436,0.0029,0.0048,0.4744,0.0,0.4581,1.0,0.89,0.23,0.22640000000000005
1231,0.1235,0.008,0.0148,0.0831,0.0002,0.7394,0.51,0.47,0.2,0.18469999999999992
3040,0.018000000000000002,0.0019,0.0068,0.0089,0.0009,0.9528,0.01,0.05,0.17,0.16449999999999992
2077,0.0216,0.0111,0.0039,0.0036,0.0,0.9524,0.03,0.15,0.31,0.18970000000000004
2982,0.0188,0.0,0.0318,0.0,0.0,0.8946,0.18,0.2,0.13,0.22410000000000008
1697,0.0448,0.002,0.0004,0.0002,0.0,0.9246,0.17,0.23,0.22,0.2428999999999999
533,0.1322,0.0016,0.0512,0.6833,0.0006,0.1007,0.91,0.82,0.26,0.20620000000000016
1979,0.1334,0.0782,0.0151,0.3305,0.0008,0.3988,0.89,0.83,0.22,0.21029999999999993
2573,0.0424,0.0254,0.0122,0.0185,0.0004,0.8757,0.09,0.15,0.21,0.2278999999999999
1174,0.0653,0.0,0.0092,0.0214,0.0,0.9004,0.07,0.42,0.19,0.16029999999999997
2474,0.0532,0.0014,0.0479,0.0386,0.0001,0.8406,0.08,0.01,0.12,0.12939999999999996
2508,0.1006,0.0136,0.0912,0.0117,0.0039,0.7692,0.65,0.29,0.2,0.1288
2259,0.1594,0.0294,0.0038,0.012,0.0,0.7632,0.38,0.53,0.22,0.22149999999999995
1352,0.0613,0.0036,0.01,0.2633,0.0,0.6512,0.35,0.46,0.22,0.1966
670,0.1133,0.0018,0.2879,0.0046,0.104,0.3023,0.39,0.23,0.11,0.09919999999999998
2835,0.0956,0.0098,0.0103,0.0072,0.0053,0.8595,0.6,0.49,0.16,0.16810000000000008
2483,0.0516,0.002,0.0285,0.4645,0.0011,0.4231,0.63,0.46,0.19,0.20630000000000007
2651,0.2857,0.0047,0.0028,0.0379,0.0,0.6465,0.98,0.99,0.18,0.19950000000000012
3127,0.0116,0.0034,0.0006,0.0522,0.0006,0.9245,0.76,0.42,0.21,0.22519999999999998
2303,0.0438,0.1493,0.0009,0.1083,0.0017,0.6063,0.96,0.91,0.23,0.2332
761,0.0162,0.0,0.0,0.0,0.0,0.9809,0.13,0.4,0.28,0.19289999999999985
1491,0.058,0.0065,0.0038,0.0112,0.0,0.9054,0.63,0.33,0.2,0.18960000000000005
1228,0.0542,0.0129,0.0063,0.0096,0.0,0.8957,0.22,0.41,0.2,0.18440000000000004
221,0.0917,0.0737,0.0943,0.0528,0.0241,0.579,0.46,0.51,0.18,0.1648
543,0.0839,0.0009,0.0086,0.0867,0.0,0.7975,0.78,0.9,0.26,0.21800000000000014
2306,0.0803,0.0574,0.0029,0.0107,0.0006,0.7917,0.16,0.34,0.21,0.21760000000000004
2251,0.0966,0.0138,0.0087,0.0042,0.0012,0.8476,0.32,0.49,0.22,0.18860000000000007
3033,0.0298,0.0047,0.0204,0.006999999999999999,0.0002,0.9224,0.15,0.08,0.17,0.1548
693,0.0771,0.0008,0.0101,0.4466,0.001,0.4577,0.94,0.85,0.23,0.24819999999999992
1036,0.0997,0.0016,0.0138,0.0346,0.0008,0.8320000000000001,0.15,0.45,0.17,0.1915000000000001
1566,0.0119,0.0022,0.0,0.2593,0.0,0.7227,0.61,0.94,0.29,0.2455000000000001
2774,0.0233,0.0027,0.0101,0.0109,0.0003,0.9309,0.31,0.31,0.07,0.16789999999999997
805,0.1309,0.0007,0.0278,0.0137,0.0,0.8108,0.07,0.22,0.14,0.1475
2763,0.4779,0.0051,0.0035,0.032,0.0009,0.4693,0.9,0.97,0.17,0.17819999999999997
756,0.006,0.0003,0.0055,0.5773,0.0,0.4069,0.86,0.92,0.24,0.256
2901,0.0812,0.0061,0.0145,0.3101,0.0041,0.5487,0.32,0.28,0.18,0.1761
272,0.0271,0.0019,0.0107,0.3592,0.0,0.5927,0.94,0.63,0.21,0.2235000000000001
521,0.0256,0.0051,0.0061,0.1332,0.0004,0.8108,0.68,0.74,0.23,0.23630000000000007
522,0.0281,0.0137,0.0059,0.0687,0.0031,0.8667,0.93,0.94,0.23,0.22309999999999997
1681,0.0245,0.0075,0.0037,0.0058,0.0001,0.9311,0.62,0.65,0.17,0.18900000000000003
1789,0.0516,0.0048,0.0042,0.0156,0.0,0.9053,0.18,0.11,0.18,0.18430000000000002
2997,0.041,0.0012,0.0093,0.1201,0.0,0.8149,0.76,0.64,0.22,0.21420000000000003
350,0.0563,0.0085,0.006,0.0817,0.0,0.8206,0.83,0.41,0.21,0.1895000000000001
3071,0.0198,0.0003,0.0062,0.0282,0.0,0.9224,0.56,0.37,0.21,0.1924
1833,0.0,0.0,0.0,0.0,0.0,1.0,0.09,0.22,0.18,0.20680000000000004
2431,0.0065,0.0212,0.0,0.0,0.0,0.9437,0.15,0.26,0.2,0.22390000000000007
651,0.3073,0.006,0.0041,0.0,0.0,0.6613,0.56,0.68,0.28,0.20109999999999995
3064,0.0492,0.0032,0.0073,0.0057,0.0,0.9227,0.29,0.25,0.18,0.18799999999999994
2718,0.9134,0.0,0.0,0.0004,0.0,0.0809,0.99,1.0,0.18,0.17689999999999986
2043,0.0516,0.0014,0.096,0.0348,0.0006,0.7712,0.35,0.34,0.12,0.12050000000000007
1229,0.0082,0.0029,0.011,0.0036,0.0,0.9607,0.39,0.21,0.22,0.16940000000000005
2418,0.0129,0.0006,0.0099,0.0216,0.0001,0.9392,0.55,0.35,0.18,0.19
2522,0.0185,0.0039,0.0075,0.0231,0.0004,0.9274,0.38,0.63,0.23,0.19650000000000017
168,0.6564,0.0003,0.0,0.0008,0.0016,0.341,0.6,0.94,0.18,0.17939999999999998
2628,0.0452,0.0321,0.0019,0.0155,0.0008,0.8844,0.32,0.12,0.21,0.2288999999999999
1497,0.0175,0.0,0.0053,0.2296,0.0023,0.7403,0.47,0.94,0.29,0.23200000000000007
1977,0.5049,0.0185,0.0047,0.0087,0.0001,0.4581,0.93,0.53,0.14,0.16210000000000005
912,0.0796,0.0023,0.0126,0.0075,0.0003,0.8784,0.46,0.71,0.19,0.19430000000000006
829,0.0991,0.0004,0.008,0.0116,0.0004,0.8629,0.08,0.26,0.14,0.16820000000000004
2553,0.0253,0.0031,0.0022,0.0967,0.0,0.8413,0.6,0.83,0.27,0.24500000000000008
1558,0.0419,0.0031,0.0575,0.0453,0.0004,0.8269,0.07,0.09,0.1,0.14560000000000017
2185,0.1258,0.0035,0.0209,0.1328,0.0013,0.6614,0.75,0.64,0.24,0.21170000000000008
1374,0.0036,0.0032,0.0007,0.0006,0.0,0.9815,0.86,0.37,0.23,0.22190000000000012
2346,0.0148,0.0011,0.0011,0.0089,0.0,0.9593,0.19,0.32,0.24,0.17249999999999993
219,0.0479,0.0035,0.006,0.0278,0.0003,0.899,0.2,0.13,0.17,0.17249999999999996
367,0.025,0.0024,0.0016,0.5533,0.0,0.4104,0.97,0.95,0.24,0.2651
2162,0.0102,0.0002,0.0003,0.0036,0.0,0.9808,0.77,0.61,0.26,0.22839999999999996
2339,0.0514,0.1969,0.0054,0.0468,0.0001,0.6443,0.93,0.83,0.22,0.23639999999999994
3125,0.013,0.0036,0.0048,0.0349,0.0,0.9248,0.49,0.24,0.2,0.18100000000000016
2245,0.0899,0.0388,0.0297,0.0278,0.0,0.7615,0.26,0.44,0.2,0.2126000000000001
1455,0.0217,0.0796,0.0048,0.0018,0.0002,0.8467,0.79,0.71,0.14,0.21170000000000008
351,0.0527,0.1343,0.0798,0.0075,0.002,0.6396,0.55,0.64,0.21,0.21080000000000002
1375,0.0197,0.0,0.0046,0.1316,0.0,0.8240000000000001,0.54,0.3,0.2,0.18150000000000005
1736,0.0346,0.0186,0.0076,0.0075,0.0,0.9012,0.47,0.36,0.22,0.17569999999999997
2529,0.0037,0.0,0.0,0.0018,0.0,0.9941,0.42,0.72,0.25,0.2091
490,0.5333,0.0048,0.0459,0.0516,0.0013,0.3416,0.97,0.82,0.14,0.1652000000000001
2819,0.4687,0.0012,0.0114,0.0561,0.0002,0.4467,0.78,0.9,0.17,0.17800000000000002
2486,0.0394,0.0008,0.0425,0.0369,0.0001,0.8569,0.16,0.03,0.15,0.14360000000000003
498,0.415,0.0168,0.0096,0.0075,0.0,0.5289,0.84,0.77,0.18,0.1761
1812,0.0768,0.0002,0.0092,0.0443,0.0,0.8527,0.34,0.08,0.13,0.16820000000000004
210,0.0086,0.0,0.0,0.0106,0.0,0.9692,0.48,0.45,0.22,0.20760000000000015
2692,0.3196,0.0191,0.0062,0.0053,0.0,0.6251,0.46,0.87,0.19,0.1910000000000001
746,0.0505,0.0041,0.0,0.0935,0.0,0.8403,0.66,0.81,0.28,0.2288000000000001
650,0.0348,0.0017,0.0067,0.119,0.0001,0.8235,0.8,0.67,0.24,0.21670000000000006
227,0.0256,0.0,0.0049,0.748,0.0,0.2138,0.89,0.84,0.23,0.23980000000000015
365,0.2062,0.0078,0.0083,0.0028,0.0027,0.7605,0.72,0.33,0.16,0.21250000000000008
2254,0.1306,0.0392,0.0102,0.0067,0.0006,0.7785,0.87,0.58,0.18,0.17070000000000007
276,0.0099,0.0021,0.0003,0.1867,0.0,0.7265,0.7,0.69,0.24,0.21540000000000015
2093,0.0537,0.0007,0.0118,0.3641,0.0,0.5476,0.77,0.72,0.18,0.2368000000000001
1407,0.0342,0.0027,0.0032,0.0094,0.0,0.9334,0.4,0.5,0.21,0.19090000000000004
2966,0.0634,0.0464,0.0168,0.0098,0.0003,0.8278,0.61,0.34,0.12,0.1859
1406,0.0353,0.0024,0.0189,0.0345,0.0001,0.8905,0.04,0.06,0.11,0.1367
1616,0.0024,0.0005,0.0,0.3469,0.0,0.6436,0.63,0.88,0.29,0.2657
407,0.4268,0.0024,0.0717,0.0169,0.0017,0.4542,0.48,0.46,0.1,0.12719999999999992
2409,0.0443,0.0018,0.0018,0.2331,0.0014,0.6878,0.5,0.55,0.19,0.21210000000000007
1037,0.1481,0.0071,0.0025,0.0105,0.0023,0.8155,0.54,0.53,0.2,0.1935
2897,0.0722,0.0013,0.0094,0.0178,0.0,0.8761,0.36,0.54,0.17,0.2152000000000001
2262,0.0869,0.0061,0.0421,0.0088,0.0022,0.8191,0.19,0.36,0.14,0.1337999999999999
2959,0.0998,0.0184,0.0117,0.0103,0.0042,0.8053,0.64,0.45,0.13,0.17960000000000012
2533,0.1779,0.0031,0.0056,0.2095,0.0002,0.5893,0.79,0.95,0.2,0.19820000000000002
1425,0.0799,0.0012,0.1189,0.0499,0.0003,0.7185,0.23,0.02,0.06,0.09259999999999993
7,0.026,0.825,0.0108,0.0074,0.0022,0.0973,0.97,0.89,0.26,0.2570000000000002
810,0.0178,0.0022,0.0072,0.0263,0.0023,0.9151,0.86,0.49,0.18,0.20910000000000006
2285,0.08,0.0824,0.0042,0.0204,0.0,0.7456,0.84,0.7,0.21,0.21490000000000006
1468,0.0974,0.0019,0.0247,0.0099,0.0,0.8505,0.43,0.41,0.12,0.1635999999999999
415,0.1745,0.0,0.0,0.0,0.0,0.8216,0.11,0.46,0.14,0.1952000000000001
3138,0.084,0.0034,0.0043,0.0051,0.0,0.8953,0.28,0.31,0.18,0.17799999999999983
838,0.0276,0.0,0.0057,0.0421,0.0,0.9096,0.45,0.69,0.18,0.23370000000000005
765,0.0356,0.0299,0.0007,0.0034,0.0,0.912,0.76,0.56,0.25,0.2143000000000001
2993,0.1311,0.0039,0.0128,0.1105,0.0005,0.7195,0.46,0.17,0.18,0.1623
199,0.0897,0.0109,0.0127,0.0071,0.002,0.8363,0.79,0.52,0.14,0.1678000000000001
3108,0.0322,0.0033,0.0296,0.008,0.0001,0.9104,0.17,0.15,0.17,0.15029999999999993
283,0.0003,0.002,0.0022,0.5937,0.0,0.3953,0.96,0.85,0.24,0.23119999999999988
231,0.0631,0.0019,0.0071,0.0181,0.0002,0.8871,0.75,0.47,0.22,0.1949000000000001
2421,0.0109,0.0011,0.0048,0.0047,0.0,0.9677,0.21,0.14,0.17,0.1813
2349,0.0381,0.2194,0.0123,0.0046,0.0008,0.6371,0.77,0.73,0.23,0.23740000000000014
96,0.1324,0.001,0.0276,0.0505,0.0004,0.7666,0.29,0.09,0.14,0.1465
1505,0.078,0.0033,0.0118,0.0314,0.0002,0.8656,0.3,0.17,0.12,0.1685
2694,0.3999,0.0,0.0143,0.0222,0.0,0.5605,0.69,0.95,0.18,0.17679999999999996
1674,0.0247,0.0049,0.0019,0.0132,0.0,0.9366,0.26,0.7,0.16,0.1967
990,0.0297,0.0026,0.0019,0.0076,0.0,0.9455,0.13,0.02,0.21,0.1999
1950,0.0321,0.0019,0.0291,0.0153,0.0001,0.9035,0.05,0.03,0.12,0.14930000000000007
1506,0.0748,0.0048,0.1437,0.1185,0.0003,0.6191,0.63,0.27,0.11,0.12299999999999998
2999,0.0156,0.0061,0.0164,0.0556,0.0,0.8997,0.28,0.38,0.21,0.19060000000000005
2712,0.1871,0.0017,0.0128,0.1979,0.0011,0.5751,0.88,0.79,0.19,0.20739999999999997
1559,0.0037,0.0017,0.0049,0.7753,0.0,0.2079,0.93,0.94,0.29,0.26689999999999997
3097,0.0897,0.0069,0.0049,0.0044,0.0004,0.8775,0.4,0.6,0.29,0.20070000000000007
104,0.0423,0.0029,0.0164,0.0712,0.0002,0.8497,0.15,0.56,0.21,0.21539999999999998
2342,0.037000000000000005,0.2128,0.0083,0.0306,0.0008,0.6334,0.85,0.82,0.23,0.24570000000000017
3016,0.0881,0.0056,0.0159,0.0089,0.0085,0.8408,0.28,0.5,0.14,0.16630000000000014
2571,0.0319,0.0111,0.0126,0.0081,0.0,0.921,0.03,0.03,0.21,0.1898
2297,0.0851,0.0036,0.0099,0.008,0.003,0.8552,0.52,0.49,0.17,0.16680000000000003
1818,0.1392,0.038,0.0279,0.0244,0.0007,0.7322,0.6,0.72,0.21,0.18870000000000015
1055,0.0159,0.0037,0.0009,0.003,0.0,0.9608,0.46,0.29,0.21,0.18479999999999994
2177,0.0106,0.0076,0.0119,0.0008,0.0004,0.9562,0.07,0.08,0.31,0.22469999999999998
2574,0.0408,0.9019,0.0,0.0008,0.0,0.0444,0.99,0.75,0.29,0.2699999999999997
744,0.0321,0.0,0.0078,0.3289,0.0,0.6151,0.83,0.83,0.27,0.25500000000000017
226,0.0249,0.0057,0.0037,0.0033,0.0009,0.9387,0.44,0.32,0.2,0.19539999999999996
1034,0.0134,0.0011,0.0025,0.0005,0.0,0.9804,0.04,0.02,0.21,0.2242
2045,0.0308,0.0028,0.0134,0.059,0.0001,0.8623,0.49,0.2,0.15,0.17669999999999994
2413,0.2278,0.0028,0.0408,0.0829,0.0008,0.6079,0.76,0.08,0.14,0.14120000000000008
1694,0.0329,0.0012,0.0254,0.0439,0.0003,0.8714,0.04,0.32,0.12,0.15970000000000006
2273,0.0472,0.0401,0.0429,0.0394,0.0009,0.7693,0.51,0.67,0.22,0.19940000000000002
2365,0.0441,0.0914,0.0071,0.0072,0.0002,0.7043,0.87,0.85,0.23,0.21550000000000014
2766,0.5606,0.0038,0.0684,0.0321,0.0,0.3246,0.7,0.88,0.19,0.1587
1822,0.0335,0.005,0.0024,0.0034,0.0022,0.9358,0.01,0.12,0.18,0.18959999999999996
785,0.0264,0.002,0.0117,0.041,0.0,0.897,0.48,0.37,0.18,0.17630000000000007
1204,0.052000000000000005,0.0057,0.005,0.0277,0.0,0.89,0.3,0.52,0.19,0.19850000000000004
798,0.0384,0.0097,0.0054,0.0825,0.0,0.8456,0.78,0.66,0.18,0.21429999999999996
1427,0.0565,0.0006,0.011,0.2579,0.0,0.6287,0.75,0.25,0.13,0.17830000000000013
1041,0.0139,0.0021,0.0051,0.0289,0.0,0.9411,0.31,0.66,0.19,0.19589999999999994
1938,0.0291,0.0027,0.0141,0.0407,0.0002,0.8993,0.53,0.22,0.17,0.17709999999999998
464,0.4003,0.0045,0.0387,0.032,0.0011,0.5002,0.59,0.3,0.17,0.14370000000000005
2926,0.0191,0.0038,0.0066,0.0327,0.0,0.9218,0.14,0.19,0.17,0.17179999999999995
900,0.0443,0.0025,0.0344,0.1494,0.0004,0.7402,0.7,0.52,0.18,0.19939999999999997
1263,0.0346,0.0029,0.0144,0.0453,0.0,0.8884,0.52,0.02,0.19,0.18269999999999992
1421,0.0203,0.0022,0.0146,0.0045,0.0002,0.9373,0.1,0.25,0.13,0.16029999999999991
2563,0.0258,0.0042,0.0025,0.0845,0.0006,0.8677,0.66,0.94,0.26,0.24359999999999998
2024,0.032,0.0015,0.0088,0.0135,0.0002,0.9317,0.4,0.29,0.15,0.16730000000000003
1763,0.0673,0.0,0.0,0.0,0.0,0.8956,0.05,0.45,0.26,0.22140000000000007
2655,0.2069,0.0034,0.0004,0.1312,0.0,0.6472,0.61,0.83,0.18,0.18839999999999996
212,0.0154,0.0035,0.0054,0.0191,0.0,0.9438,0.4,0.23,0.18,0.18180000000000004
12,0.045,0.0024,0.0015,0.3387,0.0,0.5927,0.98,0.91,0.26,0.23790000000000014
3041,0.0074,0.0,0.002,0.0156,0.0019,0.9655,0.37,0.43,0.21,0.195
422,0.337,0.0038,0.1163,0.0471,0.0038,0.4556,0.56,0.55,0.11,0.12219999999999993
999,0.0304,0.0028,0.0048,0.029,0.0,0.8812,0.49,0.62,0.21,0.21320000000000003
1052,0.0228,0.0034,0.0049,0.002,0.0,0.9537,0.42,0.82,0.2,0.19730000000000003
1057,0.048,0.0017,0.0082,0.0072,0.0003,0.9188,0.37,0.5,0.2,0.17930000000000004
1454,0.0244,0.0012,0.0102,0.0399,0.0,0.899,0.43,0.28,0.13,0.1722000000000001
741,0.0492,0.0024,0.0178,0.5558,0.0021,0.3453,0.93,0.72,0.26,0.22579999999999978
2768,0.016,0.003,0.0041,0.0079,0.0,0.9484,0.27,0.31,0.08,0.17319999999999994
2653,0.2556,0.0013,0.0611,0.1028,0.0006,0.5579,0.65,0.81,0.17,0.16680000000000011
3086,0.0066,0.0015,0.0028,0.0086,0.0,0.9731,0.6,0.45,0.2,0.20579999999999998
1029,0.0324,0.0061,0.015,0.0172,0.0015,0.9153,0.36,0.3,0.19,0.17479999999999996
2134,0.0547,0.0007,0.0193,0.0155,0.0,0.8902,0.21,0.04,0.2,0.14369999999999997
1777,0.0132,0.0268,0.0085,0.008,0.0,0.9141,0.56,0.35,0.24,0.1733999999999999
509,0.0966,0.0007,0.0159,0.4593,0.0002,0.4052,0.54,0.65,0.23,0.2173
644,0.0551,0.0034,0.0088,0.3821,0.0003,0.5443,0.96,0.98,0.26,0.2661
597,0.0344,0.0,0.0019,0.4554,0.0011,0.4988,0.99,0.8,0.24,0.22829999999999984
2706,0.2179,0.0,0.0,0.011,0.0,0.7567,0.59,0.82,0.18,0.18619999999999987
2215,0.0093,0.5487,0.0006,0.0004,0.0006,0.4049,0.84,0.76,0.29,0.27369999999999967
1446,0.0541,0.0024,0.06,0.2847,0.0004,0.5727,0.38,0.08,0.12,0.14450000000000018
2208,0.0131,0.0003,0.0003,0.0026,0.0,0.9801,0.15,0.27,0.21,0.1751999999999999
2772,0.4038,0.0002,0.003,0.0463,0.0,0.5276,0.7,0.95,0.18,0.17420000000000002
518,0.104,0.001,0.0018,0.5578,0.0004,0.3232,0.99,0.97,0.25,0.2655999999999999
2850,0.0522,0.0106,0.0,0.0023,0.0009,0.9157,0.23,0.61,0.16,0.19900000000000018
887,0.0956,0.0022,0.0248,0.029,0.0,0.8321,0.61,0.38,0.17,0.1724
573,0.0441,0.0039,0.0055,0.1658,0.0,0.7631,0.59,0.7,0.25,0.2234000000000001
3067,0.0017,0.0013,0.0,0.0001,0.001,0.9924,0.69,0.38,0.2,0.21960000000000016
2857,0.0483,0.0026,0.009000000000000001,0.2679,0.0,0.6322,0.35,0.32,0.16,0.17320000000000008
1226,0.0337,0.0037,0.0054,0.0062,0.0009,0.9365,0.24,0.38,0.19,0.1851
2859,0.0252,0.0016,0.0,0.0016,0.0,0.9673,0.27,0.61,0.16,0.19390000000000002
2844,0.301,0.0,0.0015,0.0202,0.0,0.6421,0.73,0.97,0.19,0.18469999999999995
1272,0.0282,0.0035,0.0128,0.4895,0.0005,0.4486,0.84,0.69,0.23,0.22819999999999993
1584,0.0132,0.0078,0.0048,0.0046,0.0,0.9656,0.07,0.59,0.16,0.1867
123,0.1752,0.0053,0.005,0.0161,0.0,0.7683,0.42,0.94,0.18,0.1863
1307,0.0268,0.0019,0.0021,0.0728,0.0015,0.8778,0.91,0.25,0.2,0.20989999999999998
220,0.0394,0.0069,0.0066,0.0275,0.0001,0.9044,0.57,0.4,0.17,0.18319999999999992
3045,0.0082,0.0037,0.0022,0.0068,0.0,0.9694,0.54,0.4,0.21,0.2162000000000001
358,0.4537,0.0036,0.0537,0.0189,0.0009,0.4451,0.71,0.54,0.12,0.14759999999999993
1392,0.2093,0.001,0.0341,0.0322,0.0002,0.7029,0.51,0.03,0.07,0.14120000000000002
2769,0.0362,0.0033,0.0055,0.2029,0.0,0.7347,0.72,0.96,0.21,0.24110000000000023
1983,0.0468,0.0037,0.0105,0.0584,0.0,0.8679,0.63,0.63,0.2,0.21050000000000005
1791,0.0323,0.0035,0.0093,0.0168,0.0,0.846,0.07,0.59,0.19,0.2091
2978,0.0573,0.0111,0.0224,0.0162,0.0054,0.8456,0.48,0.38,0.13,0.18189999999999995
259,0.0399,0.0017,0.0,0.2148,0.0031,0.7246,0.55,0.68,0.21,0.2083
2905,0.0967,0.005,0.1751,0.0628,0.0076,0.5961,0.29,0.38,0.09,0.10499999999999993
2407,0.0396,0.0023,0.0137,0.4661,0.0005,0.4517,0.97,0.72,0.21,0.2347
976,0.0193,0.0015,0.0248,0.0254,0.0002,0.9176,0.35,0.71,0.19,0.22240000000000013
2509,0.0272,0.0037,0.003,0.171,0.0008,0.7665,0.74,0.8,0.26,0.23730000000000004
2078,0.0146,0.001,0.0047,0.0539,0.0,0.9033,0.55,0.28,0.22,0.1911000000000001
1105,0.0676,0.0324,0.0097,0.0494,0.0018,0.7943,0.8,0.66,0.22,0.20620000000000002
2802,0.1523,0.0,0.0186,0.0306,0.0,0.7713,0.43,0.72,0.19,0.2102
1239,0.0544,0.0015,0.0286,0.2146,0.0005,0.6745,0.57,0.09,0.17,0.17230000000000004
1949,0.0173,0.0029,0.0053,0.006999999999999999,0.0009,0.9585,0.29,0.19,0.19,0.1791
1744,0.0225,0.003,0.0035,0.0725,0.0008,0.8806,0.54,0.88,0.17,0.23919999999999994
2848,0.1091,0.0047,0.0049,0.028,0.0009,0.8371,0.56,0.89,0.18,0.20340000000000008
2441,0.0155,0.0008,0.0001,0.3036,0.0,0.6459,0.87,0.77,0.2,0.24349999999999997
456,0.3357,0.0015,0.0456,0.0091,0.0007,0.5727,0.54,0.48,0.1,0.14169999999999994
462,0.5867,0.0019,0.0539,0.0248,0.0046,0.2993,0.8,0.62,0.12,0.13519999999999996
3028,0.01,0.0015,0.0025,0.0086,0.0029,0.9667,0.22,0.48,0.18,0.18559999999999996
3007,0.0302,0.0,0.0128,0.5492,0.0,0.3832,0.91,0.68,0.18,0.23529999999999984
3094,0.0192,0.0039,0.0438,0.0153,0.0001,0.8985,0.21,0.04,0.17,0.18130000000000007
1412,0.0365,0.0026,0.0216,0.0386,0.0002,0.879,0.28,0.3,0.12,0.16850000000000004
381,0.1521,0.0071,0.0086,0.0058,0.0,0.8133,0.69,0.45,0.16,0.18150000000000005
2931,0.0576,0.004,0.0242,0.4919,0.0012,0.3817,0.67,0.33,0.17,0.17400000000000004
1467,0.0457,0.0059,0.0445,0.0614,0.0003,0.8127,0.14,0.23,0.11,0.14180000000000004
2591,0.2684,0.001,0.0037,0.0874,0.0,0.6221,0.49,0.82,0.17,0.1840999999999999
1538,0.0265,0.0,0.006,0.742,0.0,0.2219,0.97,0.96,0.29,0.2762
964,0.077,0.0005,0.0102,0.0002,0.0,0.9038,0.28,0.14,0.21,0.21710000000000013
1476,0.0566,0.0072,0.0055,0.135,0.0001,0.7637,0.7,0.24,0.22,0.19200000000000003
1563,0.0489,0.0006,0.0019,0.443,0.0,0.4958,0.91,0.9,0.27,0.2552000000000001
1587,0.0896,0.0023,0.0072,0.0105,0.0,0.8837,0.13,0.46,0.12,0.19480000000000008
59,0.0166,0.029,0.0056,0.0073,0.0009,0.9116,0.14,0.16,0.2,0.20809999999999995
2111,0.0768,0.0008,0.0031,0.0086,0.0001,0.898,0.16,0.11,0.22,0.185
2851,0.2441,0.0045,0.0211,0.0773,0.0003,0.6345,0.69,0.78,0.19,0.19089999999999996
1244,0.0396,0.002,0.0153,0.0356,0.0004,0.883,0.04,0.04,0.17,0.14050000000000007
2244,0.0127,0.0001,0.0051,0.0511,0.0002,0.8959999999999999,0.73,0.11,0.25,0.21370000000000008
2476,0.0403,0.0566,0.0156,0.0,0.0,0.8463,0.42,0.26,0.29,0.2471000000000002
2403,0.0862,0.0064,0.0028,0.0,0.0014,0.8728,0.39,0.41,0.17,0.24580000000000005
2422,0.0741,0.0009,0.0546,0.0561,0.0002,0.7944,0.14,0.02,0.12,0.11209999999999995
657,0.0043,0.0057,0.0,0.3031,0.0029,0.6798,0.78,0.91,0.27,0.23830000000000007
1601,0.006,0.006999999999999999,0.0011,0.4334,0.0,0.5467,0.88,0.78,0.29,0.23850000000000007
845,0.052000000000000005,0.0031,0.0042,0.0093,0.0005,0.9176,0.35,0.65,0.19,0.20060000000000006
542,0.1344,0.0013,0.0095,0.0082,0.0,0.8445,0.69,0.48,0.19,0.17460000000000003
2086,0.0428,0.0124,0.0124,0.0317,0.0,0.8916,0.03,0.07,0.31,0.22579999999999992
1402,0.0188,0.0073,0.0029,0.0016,0.0,0.9489,0.46,0.37,0.2,0.1877
2942,0.0634,0.0181,0.0111,0.0049,0.0012,0.877,0.22,0.58,0.14,0.18220000000000014
1963,0.5348,0.0025,0.0,0.0157,0.0,0.4441,0.69,0.58,0.16,0.16030000000000005
952,0.0206,0.0035,0.0037,0.0041,0.0,0.9543,0.03,0.44,0.2,0.1828999999999999
2847,0.0187,0.0652,0.0086,0.4514,0.0,0.4234,0.24,0.55,0.14,0.21119999999999997
2570,0.002,0.1086,0.0081,0.0,0.0,0.8089,0.34,0.27,0.29,0.23339999999999997
1651,0.0372,0.0051,0.0203,0.0324,0.0004,0.8753,0.44,0.61,0.16,0.21510000000000004
3135,0.0137,0.0014,0.0,0.003,0.0,0.9706,0.15,0.2,0.16,0.17429999999999995
1557,0.0259,0.0053,0.0128,0.0246,0.0,0.9117,0.09,0.35,0.13,0.17409999999999998
3031,0.0116,0.0019,0.0071,0.0389,0.0,0.9211,0.31,0.25,0.18,0.1931
2541,0.0027,0.5775,0.0043,0.003,0.0,0.3897,0.97,0.85,0.29,0.2706999999999998
1431,0.0453,0.0161,0.0127,0.0363,0.0012,0.8717,0.22,0.4,0.12,0.19920000000000002
2538,0.0636,0.0011,0.0262,0.5343,0.0002,0.3576,0.78,0.72,0.24,0.23240000000000005
1866,0.3114,0.0046,0.0955,0.1123,0.0068,0.4277,0.74,0.92,0.19,0.1462
2823,0.2098,0.0023,0.0017,0.2023,0.0011,0.5720000000000001,0.75,0.93,0.18,0.19310000000000002
435,0.1422,0.0103,0.0448,0.0671,0.0001,0.6956,0.83,0.55,0.21,0.18099999999999997
2752,0.2227,0.0047,0.0,0.0227,0.0,0.7208,0.48,0.93,0.19,0.18959999999999996
237,0.0246,0.0009,0.0002,0.0275,0.0,0.9269,0.54,0.81,0.23,0.24299999999999994
3106,0.1423,0.0052,0.0,0.0004,0.0,0.8190000000000001,0.37,0.69,0.32,0.19120000000000012
2222,0.0552,0.0015,0.0523,0.223,0.0003,0.6301,0.51,0.09,0.21,0.13770000000000013
109,0.3768,0.0027,0.0084,0.0707,0.0,0.5233,0.75,0.85,0.18,0.18100000000000002
2390,0.0156,0.002,0.0033,0.0052,0.0001,0.9588,0.47,0.45,0.18,0.17460000000000003
781,0.2721,0.0108,0.0059,0.0022,0.0002,0.6984,0.67,0.27,0.27,0.20520000000000002
2787,0.0234,0.0021,0.04,0.0259,0.0005,0.8851,0.18,0.12,0.07,0.16840000000000008
163,0.0912,0.0055,0.0036,0.0353,0.0,0.8533,0.4,0.89,0.18,0.2039000000000002
288,0.0651,0.0057,0.0122,0.1978,0.0001,0.6857,0.76,0.79,0.23,0.23130000000000003
1161,0.1086,0.0134,0.0161,0.0288,0.0001,0.7964,0.73,0.48,0.19,0.18669999999999992
252,0.0676,0.123,0.0666,0.0071,0.0009,0.6157,0.4,0.68,0.26,0.23260000000000022
1116,0.025,0.0,0.0,0.0627,0.0,0.9088,0.5,0.23,0.21,0.18740000000000007
2120,0.0648,0.0239,0.0094,0.3179,0.0,0.5706,0.98,0.83,0.22,0.22630000000000014
2892,0.5297,0.0,0.0,0.0054,0.0037,0.4613,0.59,0.96,0.18,0.17930000000000004
767,0.0457,0.0004,0.0021,0.1757,0.0,0.7564,0.52,0.73,0.22,0.23280000000000003
787,0.0105,0.0008,0.0029,0.0068,0.0004,0.9722,0.09,0.38,0.18,0.1784999999999999
1441,0.1152,0.0038,0.0068,0.0318,0.0002,0.812,0.66,0.47,0.2,0.1795
2350,0.0606,0.1231,0.0083,0.0787,0.0111,0.6206,0.91,0.96,0.23,0.2319000000000002
1271,0.0238,0.0018,0.0034,0.0186,0.0,0.9407,0.04,0.06,0.18,0.19209999999999997
1071,0.0244,0.0008,0.0025,0.0216,0.0,0.9365,0.23,0.03,0.2,0.18790000000000004
1706,0.1158,0.0264,0.0151,0.0182,0.0222,0.7727,0.86,0.95,0.15,0.2117000000000001
1551,0.025,0.0026,0.0019,0.0137,0.0,0.9448,0.03,0.47,0.17,0.1956
3066,0.024,0.0019,0.0097,0.008,0.0,0.9391,0.01,0.09,0.16,0.15329999999999994
1117,0.0463,0.0746,0.0062,0.0066,0.0003,0.8301,0.27,0.36,0.19,0.16919999999999993
1032,0.0837,0.0018,0.0454,0.0655,0.0008,0.7771,0.38,0.01,0.19,0.11459999999999998
1632,0.0293,0.0022,0.0085,0.3715,0.0,0.5691,0.94,0.81,0.28,0.23880000000000007
1364,0.0198,0.0014,0.0014,0.0045,0.0003,0.9535,0.26,0.09,0.21,0.19599999999999995
847,0.016,0.003,0.008,0.0406,0.0002,0.9168,0.25,0.26,0.17,0.17830000000000004
2466,0.0109,0.0003,0.0037,0.0071,0.0,0.9581,0.42,0.22,0.18,0.20509999999999998
2516,0.0337,0.002,0.0078,0.0263,0.0006,0.9094,0.25,0.59,0.24,0.21370000000000006
461,0.1157,0.0461,0.03,0.0098,0.0032,0.7435,0.76,0.66,0.13,0.1887000000000001
1776,0.034,0.003,0.005,0.02,0.0005,0.9167,0.38,0.53,0.17,0.20170000000000005
1926,0.0492,0.0033,0.0056,0.0564,0.0,0.8637,0.64,0.38,0.17,0.18920000000000006
157,0.3832,0.0041,0.0539,0.0979,0.002,0.4407,0.92,0.87,0.2,0.15499999999999997
1001,0.016,0.0034,0.0079,0.0201,0.0,0.9339,0.17,0.02,0.19,0.17840000000000011
2354,0.0869,0.0385,0.044,0.0463,0.0006,0.7173,0.34,0.38,0.19,0.16409999999999988
1800,0.0053,0.0011,0.0,0.0007,0.0,0.9915,0.19,0.4,0.18,0.18760000000000004
677,0.3609,0.0028,0.0043,0.0015,0.0045,0.615,0.67,0.61,0.28,0.18229999999999996
1867,0.2116,0.0014,0.2394,0.0953,0.0003,0.4306,0.47,0.1,0.1,0.09869999999999989
1027,0.0158,0.0,0.0052,0.0043,0.0,0.9634,0.25,0.23,0.21,0.1809
238,0.6376,0.0092,0.0119,0.0168,0.0006,0.3097,0.99,0.96,0.19,0.17169999999999994
978,0.0833,0.0025,0.081,0.0519,0.0003,0.7583,0.49,0.66,0.18,0.17060000000000017
2894,0.0091,0.0005,0.0012,0.0057,0.0,0.9759,0.68,0.63,0.19,0.22209999999999996
243,0.0415,0.0772,0.0157,0.0054,0.0033,0.7992,0.41,0.64,0.2,0.19960000000000008
100,0.0599,0.0039,0.0078,0.009000000000000001,0.0002,0.8999,0.61,0.53,0.25,0.18399999999999994
315,0.0124,0.0017,0.0,0.128,0.0,0.8457,0.56,0.66,0.23,0.21660000000000004
1177,0.0359,0.0005,0.0015,0.0011,0.0,0.9574,0.15,0.47,0.19,0.20309999999999995
2549,0.0443,0.1151,0.0212,0.0049,0.0,0.7681,0.39,0.25,0.2,0.20020000000000013
1025,0.0224,0.0026,0.0154,0.0133,0.0023,0.9319,0.46,0.03,0.21,0.17170000000000005
1577,0.0126,0.0002,0.0009,0.3111,0.0,0.6701,0.64,0.87,0.27,0.2621
261,0.2758,0.115,0.0073,0.0088,0.0005,0.574,0.92,1.0,0.18,0.18900000000000008
1264,0.0225,0.0,0.0047,0.0745,0.0,0.8815,0.37,0.34,0.22,0.1789
2243,0.0612,0.0394,0.008,0.0,0.0069,0.8797,0.51,0.58,0.17,0.23230000000000006
195,0.0437,0.0017,0.019,0.4105,0.0002,0.493,0.35,0.12,0.17,0.18749999999999997
1973,0.0597,0.0009,0.0656,0.115,0.0004,0.7217,0.3,0.11,0.13,0.14010000000000006
1783,0.0312,0.023,0.0024,0.0078,0.0,0.9226,0.08,0.21,0.26,0.21979999999999994
1929,0.4999,0.0411,0.0252,0.0247,0.0006,0.3868,0.68,0.45,0.13,0.18049999999999994
179,0.0289,0.0,0.0084,0.0825,0.0,0.8465,0.16,0.32,0.15,0.15969999999999998
834,0.0622,0.0027,0.0056,0.0545,0.0009,0.8619,0.3,0.34,0.17,0.17900000000000002
842,0.0035,0.0003,0.0009,0.0049,0.0,0.9697,0.24,0.44,0.18,0.1765999999999999
3122,0.0096,0.0023,0.0055,0.0213,0.0,0.9578,0.58,0.43,0.21,0.19910000000000008
1578,0.0169,0.0009,0.0323,0.3691,0.0006,0.5644,0.64,0.87,0.27,0.2558
1123,0.018000000000000002,0.0,0.0027,0.028,0.0004,0.9379,0.26,0.04,0.19,0.17910000000000004
340,0.0572,0.0026,0.0206,0.1202,0.0002,0.7787,0.12,0.25,0.18,0.15300000000000016
1178,0.2123,0.0052,0.0207,0.0223,0.0,0.711,0.73,0.55,0.19,0.188
2944,0.0898,0.0019,0.0316,0.3996,0.0018,0.4292,0.82,0.43,0.19,0.1925
748,0.0758,0.0014,0.0156,0.0017,0.0016,0.883,0.4,0.35,0.27,0.18249999999999997
1666,0.0,0.001,0.0,0.0,0.0,0.9927,0.53,0.7,0.16,0.23549999999999996
662,0.0356,0.0007,0.0103,0.1609,0.0001,0.7688,0.13,0.48,0.24,0.20149999999999998
480,0.3614,0.0019,0.0053,0.0364,0.0018,0.5819,0.74,0.29,0.19,0.18189999999999998
